shipment_id,order_date,ship_date,delivery_date,promised_days,carrier,mode,origin,destination,weight_kg,freight_cost_usd
SH10122,2026-05-21,2026-05-23,2026-05-31,8,harbor express,Truck,Pittsburgh,Chicago,685.5,1269.31
SH10484,08/19/2026,2026-08-21,2026-08-22,2,Summit Air Cargo,Air,Shanghai,Chicago,94.6,$690.57
SH10102,04/24/2026,04/24/2026,2026-05-18,24,Northstar Logistics,Ocean,Shanghai,New York City,1536.4,1322.29
SH10485,2026-07-13,2026-07-16,2026-07-21,5,ATLAS FREIGHT,Truck,Montreal,Chicago,563.5,"$1,222.96"
SH10592,2026-01-09,2026-01-11,2026-01-29,18,Atlas Freight,Ocean,Shanghai,Buffalo,1204.9,1139.19
SH10956,07/27/2026,2026-07-27,2026-07-31,4,Summit Air Cargo,Air,Shanghai,Dallas,97.6,682.23
SH11103,2026-05-12,05/13/2026,2026-05-27,8,Harbor Express,Truck,Pittsburgh,Rochester,1322.0,2196.47
SH10624,2026-08-17,08/20/2026,08/26/2026,2,Summit Air Cargo,Air,Mexico City,Chicago,149.8,"$1,158.02"
SH10884,2026-03-02,2026-03-02,2026-03-08,7,Atlas Freight,Truck,Montreal,Chicago,556.9,$978.11
SH10299,2026-08-01,2026-08-04,2026-08-08,5,Atlas Freight,Truck,Montreal,Dallas,65.6,224.74
SH10886,2026-07-25,2026-07-28,2026-08-02,3,Summit Air Cargo,Air,Frankfurt,Buffalo,66.5,$627.16
SH10228,2026-05-12,2026-05-12,,8,Harbor Express,Truck,Pittsburgh,Buffalo,101.8,$221.27
SH10333,2026-04-04,2026-04-06,2026-04-08,3,Summit Air Cargo,Air,Mexico City,Buffalo,211.2,1808.81
SH11129,2026-06-29,2026-07-01,07/27/2026,21,NorthStar Logistics,Ocean,Singapore,Dallas,2717.6,"$2,766.82"
SH11158,2026-08-17,2026-08-17,2026-08-22,5,Harbor Express,Truck,Pittsburgh,Atlanta,637.0,"$1,068.08"
SH10094,2026-05-22,2026-05-23,2026-05-26,3,Summit Air cargo,Air,Mexico City,Buffalo,,$977.02
SH10835,06/30/2026,07/02/2026,07/30/2026,23,Bluewave Shipping,Ocean,Singapore,Atlanta,1435.3,1490.41
SH11095,2026-02-06,2026-02-09,2026-02-16,8,Harbor Express,Truck,Toronto,Rochester,893.6,1703.77
SH10431,2026-01-18,01/19/2026,2026-02-15,28,BlueWave Shipping,Ocean,Rotterdam,Dallas,1594.5,"$1,744.42"
SH10398,05/14/2026,2026-05-16,05/21/2026,5,NorthStar Logistics,Truck,Pittsburgh,Chicago,894.7,"$1,625.76"
SH10654,2026-07-18,2026-07-18,2026-07-30,6,Northstar Logistics,Truck,Pittsburgh,Dallas,256.8,534.37
SH10992,04/10/2026,2026-04-13,2026-04-17,4,Harbor Express,Truck,Toronto,Atlanta,717.4,1480.45
SH10723,2026-05-28,2026-05-30,2026-06-18,19,Bluewave Shipping,Ocean,Rotterdam,Buffalo,1164.5,"$1,244.05"
SH10891,2026-07-12,2026-07-13,07/15/2026,2, SUMMIT AIR CARGO,Air,Shanghai,Dallas,87.6,$720.79
SH10406,2026-04-14,2026-04-15,04/21/2026,6,Harbor Express,Truck,Montreal,Buffalo,2401.3,"$4,754.65"
SH11062,2026-05-18,2026-05-19,2026-06-16,28,BlueWave Shipping,Ocean,Singapore,Rochester,3130.0,"$3,541.57"
SH10155,2026-02-25,2026-02-28,2026-03-03,4,Summit Air Cargo,Air,Frankfurt,New York City,134.7,1104.02
SH10830,2026-08-03,2026-08-05,2026-08-18,8,northstar logistics ,Truck,Montreal,Buffalo,1360.1,"$2,701.32"
SH11193,2026-06-17,06/17/2026,06/19/2026,3, SUMMIT AIR CARGO,Air,Mexico City,Rochester,5.4,$121.72
SH10699,2026-04-11,2026-04-11,2026-04-19,3,Summit Air cargo,Air,Frankfurt,New York City,85.3,$712.77
SH10914,2026-03-26,03/26/2026,2026-03-30,5,Atlas Freight,Truck,Toronto,New York City,178.5,485.42
SH10260,2026-05-28,05/29/2026,2026-07-03,30,Northstar Logistics,Ocean,Shanghai,Dallas,753.6,$719.82
SH11042,2026-06-06,2026-06-06,,20,BlueWave Shipping,Ocean,Shanghai,New York City,2256.7,"$2,257.39"
SH10046,2026-05-12,2026-05-12,2026-05-19,7,Northstar Logistics,Truck,Toronto,Chicago,1597.3,"$2,593.05"
SH10004,2026-05-13,2026-05-13,2026-05-17,4,northstar logistics ,Truck,Montreal,Atlanta,914.8,"$1,909.45"
SH10680,04/01/2026,2026-04-04,2026-04-27,24,Northstar Logistics,Ocean,Shanghai,Chicago,2268.2,"$2,165.96"
SH10209,2026-08-18,2026-08-20,2026-08-22,3, SUMMIT AIR CARGO,Air,Mexico City,New York City,35.9,332.41
SH10423,2026-04-14,2026-04-15,04/23/2026,8,Harbor Express,Truck,Montreal,Chicago,410.0,$852.94
SH10258,2026-05-23,2026-05-24,06/13/2026,21,BlueWave Shipping,Ocean,Singapore,Atlanta,1183.3,1302.13
SH10995,2026-07-08,07/08/2026,07/12/2026,5,northstar logistics ,Truck,Pittsburgh,Buffalo,647.6,1019.99
SH10899,04/24/2026,2026-04-25,05/23/2026,27,Atlas Freight,Ocean,Singapore,Rochester,883.7,$951.90
SH10400,2026-02-04,2026-02-06,2026-02-27,22,northstar logistics ,Ocean,Singapore,Chicago,547.1,$673.88
SH10343,2026-07-27,2026-07-29,08/05/2026,3,Summit Air cargo,Air,Mexico City,Chicago,27.6,$364.45
SH10158,2026-07-28,2026-07-31,08/29/2026,30,Northstar Logistics,Ocean,Rotterdam,Dallas,750.8,714.26
SH10367,2026-05-08,2026-05-11,2026-05-22,7,Harbor Express,Truck,Montreal,Rochester,377.2,594.52
SH11016,2026-08-04,2026-08-04,2026-08-09,6,Atlas Freight,Truck,Pittsburgh,New York City,1179.6,1895.65
SH10663,2026-04-12,2026-04-15,2026-04-22,8,NorthStar Logistics,Truck,Pittsburgh,Atlanta,618.6,"$1,201.75"
SH10709,2026-03-18,2026-03-20,2026-04-01,6,Northstar Logistics,Truck,Toronto,Buffalo,1058.0,2006.90
SH10568,2026-03-01,2026-03-02,2026-03-22,20,BlueWave Shipping,Ocean,Singapore,Buffalo,2751.7,2279.10
SH11006,08/06/2026,2026-08-09,,5,Harbor Express,Truck,Pittsburgh,Dallas,503.8,"$1,132.44"
SH10212,2026-03-18,03/19/2026,2026-04-14,26,BlueWave Shipping,Ocean,Singapore,New York City,1609.9,1881.57
SH10769,2026-03-04,03/05/2026,2026-03-23,18,Bluewave Shipping,Ocean,Singapore,New York City,1491.4,"$1,705.16"
SH11199,03/26/2026,2026-03-26,2026-03-27,2,Summit Air Cargo,Air,Mexico City,Chicago,132.5,915.96
SH10614,2026-01-15,01/18/2026,01/25/2026,7,NorthStar Logistics,Truck,Montreal,Chicago,1373.3,"$2,798.52"
SH10332,04/07/2026,04/10/2026,2026-04-14,4,Harbor Express,Truck,Toronto,New York City,1303.9,2231.45
SH10455,2026-06-01,2026-06-01,2026-06-23,18,Atlas Freight,Ocean,Rotterdam,Buffalo,782.2,$885.12
SH10129,2026-07-19,2026-07-21,2026-07-28,7,Northstar Logistics,Truck,Toronto,Dallas,533.7,"$1,049.80"
SH10577,05/15/2026,2026-05-16,2026-05-20,5,Atlas Freight ,Truck,Montreal,New York City,1430.6,2288.34
SH10839,02/20/2026,2026-02-22,02/25/2026,4,Summit Air Cargo,Air,Mexico City,Rochester,31.0,375.99
SH11162,2026-03-02,2026-03-02,2026-03-03,2,Summit Air Cargo,Air,Mexico City,Rochester,49.5,457.96
SH10100,2026-06-18,06/21/2026,2026-07-22,29,Atlas Freight,Ocean,Singapore,Dallas,682.4,733.79
SH10358,02/19/2026,02/20/2026,02/26/2026,7,Atlas Freight,Truck,Montreal,Buffalo,628.3,"$1,348.08"
SH10261,2026-04-29,04/30/2026,2026-05-10,7,Harbor Express,Truck,Pittsburgh,Atlanta,250.7,534.53
SH10306,2026-05-18,2026-05-19,2026-06-12,25,Blue Wave Shipping,Ocean,Singapore,Atlanta,1088.9,"$1,186.30"
SH11143,2026-03-11,2026-03-11,2026-04-10,30,BlueWave Shipping,Ocean,Singapore,Dallas,287.0,328.75
SH11159,04/12/2026,2026-04-13,2026-04-17,4,Atlas Freight,Truck,Montreal,Buffalo,278.8,$595.93
SH10159,2026-02-21,2026-02-23,,4,Harbor Express,Truck,Toronto,Rochester,1260.3,"$1,940.78"
SH10557,2026-08-08,2026-08-10,09/02/2026,23,Bluewave Shipping,Ocean,Rotterdam,Atlanta,2167.0,2338.29
SH10032,2026-07-19,2026-07-19,2026-07-22,4,Atlas Freight,Truck,Pittsburgh,Atlanta,941.0,1614.52
SH10600,2026-05-14,2026-05-14,05/19/2026,5,Northstar Logistics,Truck,Pittsburgh,Chicago,946.4,"$1,413.46"
SH10318,2026-07-01,07/03/2026,2026-07-11,5,Atlas Freight ,Truck,Pittsburgh,Buffalo,596.3,980.38
SH10683,2026-08-20,2026-08-22,2026-09-11,20,Northstar Logistics,Ocean,Shanghai,Chicago,1460.1,"$1,351.11"
SH10797,2026-06-27,2026-06-30,2026-07-30,25,Northstar Logistics,Ocean,Singapore,Dallas,317.2,$485.46
SH11190,2026-03-26,2026-03-28,2026-03-30,2,Summit Air Cargo,Air,Frankfurt,New York City,136.1,$991.53
SH10876,06/07/2026,2026-06-09,2026-07-07,29,Atlas Freight,Ocean,Rotterdam,Chicago,1720.1,"$1,898.86"
SH10831,2026-03-22,2026-03-24,04/21/2026,22,Atlas Freight,Ocean,Shanghai,Dallas,583.2,814.47
SH10629,2026-03-17,2026-03-17,2026-03-19,2,Summit Air Cargo,Air,Frankfurt,Dallas,95.0,716.97
SH10827,01/27/2026,2026-01-27,2026-01-28,2,Summit Air Cargo,Air,Frankfurt,Atlanta,187.3,"$1,497.16"
SH10650,2026-04-02,2026-04-05,2026-04-08,3,Summit Air Cargo,Air,Mexico City,Atlanta,40.6,286.39
SH10245,2026-07-05,2026-07-05,2026-07-22,18,BlueWave Shipping,Ocean,Singapore,Rochester,2356.6,2336.32
SH10301,2026-01-19,01/20/2026,2026-02-10,22,BlueWave Shipping,Ocean,Rotterdam,Rochester,5994.1,5840.18
SH11004,2026-02-28,03/03/2026,2026-03-06,4,Summit Air Cargo,Air,Frankfurt,Rochester,154.0,"$1,213.76"
SH10279,2026-06-10,2026-06-11,2026-07-01,20,Atlas Freight,Ocean,Rotterdam,New York City,1448.3,"$1,271.94"
SH10696,2026-04-30,2026-04-30,2026-05-03,3,Summit Air Cargo,Air,Shanghai,Chicago,14.8,$151.80
SH10125,07/03/2026,07/03/2026,2026-07-08,5,Harbor Express,Truck,Montreal,Chicago,178.4,409.64
SH10806,2026-08-23,2026-08-24,2026-09-01,8,Northstar Logistics,Truck,Pittsburgh,Buffalo,309.0,552.40
SH11127,2026-02-13,02/13/2026,2026-02-17,5,Harbor Express,Truck,Montreal,New York City,414.8,825.91
SH10800,2026-06-26,2026-06-28,2026-07-02,4, SUMMIT AIR CARGO,Air,Shanghai,Chicago,221.0,"$1,833.28"
SH10195,2026-08-08,2026-08-08,2026-08-22,8,Harbor Express,Truck,Montreal,New York City,244.7,605.01
SH10907,2026-03-17,2026-03-17,2026-03-21,4,Harbour Express,Truck,Toronto,Atlanta,1042.4,1908.34
SH10718,2026-06-17,2026-06-18,2026-06-25,7,Atlas Freight,Truck,Pittsburgh,Rochester,758.4,1572.58
SH10950,2026-02-13,02/14/2026,2026-03-03,18,Bluewave Shipping,Ocean,Rotterdam,Dallas,2513.5,"$2,934.71"
SH10242,2026-07-07,07/07/2026,2026-08-06,24,Northstar Logistics,Ocean,Shanghai,Atlanta,,"$3,301.95"
SH10154,2026-04-28,2026-04-28,2026-04-30,3,Summit Air Cargo,Air,Shanghai,Buffalo,4.6,136.00
SH10483,2026-06-14,2026-06-15,2026-06-17,2,Summit Air Cargo,Air,Mexico City,Chicago,93.3,635.31
SH11149,07/31/2026,2026-07-31,2026-08-04,4,Summit Air Cargo,Air,Shanghai,Dallas,72.9,$699.89
SH10435,01/08/2026,2026-01-09,2026-01-13,4,Atlas Freight,Truck,Pittsburgh,Chicago,313.7,$504.29
SH10494,2026-04-19,04/22/2026,04/29/2026,7,Atlas Freight ,Truck,Montreal,Atlanta,944.8,"$1,698.59"
SH10913,2026-06-09,2026-06-12,2026-06-19,4,Summit Air Cargo,Air,Mexico City,Chicago,61.6,621.84
SH10700,03/26/2026,2026-03-29,2026-04-19,20,Atlas Freight,Ocean,Shanghai,Rochester,4001.5,"$3,199.18"
SH11168,2026-06-27,06/29/2026,2026-07-28,28,Northstar Logistics,Ocean,Singapore,Rochester,883.0,"$1,007.60"
SH10458,2026-03-29,2026-04-01,2026-04-12,5,Harbor Express,Truck,Montreal,Buffalo,2863.2,4355.67
SH10498,2026-06-17,2026-06-19,2026-07-06,18,Atlas Freight,Ocean,Rotterdam,Chicago,1050.7,"$1,258.20"
SH10074,2026-01-06,2026-01-09,2026-01-16,7,Harbor Express,Truck,Pittsburgh,New York City,199.5,362.75
SH11166,2026-01-18,2026-01-19,2026-01-21,2,Summit Air Cargo,Air,Frankfurt,Buffalo,90.3,$634.31
SH10085,2026-01-19,01/22/2026,2026-02-24,28,BlueWave Shipping,Ocean,Shanghai,Buffalo,,721.28
SH10607,2026-03-15,03/18/2026,03/21/2026,3,Summit Air Cargo,Air,Mexico City,New York City,118.8,835.92
SH10962,2026-01-26,01/26/2026,2026-01-30,4,Atlas Freight,Truck,Montreal,Atlanta,206.2,$509.41
SH10154,2026-04-28,2026-04-28,2026-04-30,3,Summit Air Cargo,Air,Shanghai,Buffalo,4.6,136.00
SH10018,03/31/2026,2026-04-03,04/07/2026,4,Northstar Logistics,Truck,Toronto,Rochester,751.1,1354.11
SH10676,03/10/2026,2026-03-12,04/08/2026,25,Northstar Logistics,Ocean,Rotterdam,New York City,3595.9,"$3,937.26"
SH10725,2026-08-05,2026-08-05,2026-09-03,30,Northstar Logistics,Ocean,Rotterdam,New York City,4503.8,"$4,672.92"
SH10524,2026-01-23,2026-01-26,2026-01-30,4, SUMMIT AIR CARGO,Air,Mexico City,Atlanta,56.1,602.75
SH10668,2026-05-18,2026-05-18,2026-06-13,26,BlueWave Shipping,Ocean,Singapore,Dallas,1702.2,1501.69
SH10336,2026-02-22,2026-02-25,2026-03-26,25,Northstar Logistics,Ocean,Singapore,Rochester,1576.3,1571.83
SH11112,2026-05-31,2026-06-01,2026-06-05,5,Northstar Logistics,Truck,Toronto,Atlanta,720.2,1391.57
SH10674,03/16/2026,2026-03-16,2026-04-18,28,Atlas Freight,Ocean,Shanghai,Atlanta,6407.8,"$5,217.97"
SH10293,03/06/2026,2026-03-07,2026-03-27,21,BlueWave Shipping,Ocean,Rotterdam,Rochester,2136.2,"$2,317.85"
SH10632,2026-01-17,2026-01-18,2026-01-24,7,Northstar Logistics,Truck,Montreal,New York City,1041.3,"$1,741.43"
SH11009,2026-02-16,2026-02-17,02/21/2026,4,Harbor Express,Truck,Toronto,Chicago,784.9,1598.21
SH10901,2026-06-27,2026-06-29,2026-07-04,5,Atlas Freight,Truck,Montreal,Buffalo,,"$1,919.91"
SH10009,2026-04-11,04/14/2026,2026-05-04,21,BlueWave Shipping,Ocean,Shanghai,Chicago,531.0,554.04
SH11136,03/02/2026,2026-03-02,2026-03-04,3,Summit Air Cargo,Air,Shanghai,Atlanta,140.0,"$1,307.59"
SH10162,2026-07-21,2026-07-22,2026-08-16,26,Atlas Freight,Ocean,Shanghai,Dallas,,"$1,546.67"
SH10813,2026-05-17,05/19/2026,2026-06-18,30,Atlas Freight,Ocean,Singapore,Dallas,1046.7,1289.09
SH10203,2026-06-26,2026-06-28,2026-07-25,28,Atlas Freight,Ocean,Singapore,New York City,1586.8,"$1,863.61"
SH10690,2026-04-01,2026-04-04,04/07/2026,4,Summit Air cargo,Air,Shanghai,Atlanta,84.1,$626.66
SH10560,2026-02-21,02/22/2026,2026-02-28,7,Harbor Express,Truck,Toronto,Dallas,194.1,543.24
SH10821,03/22/2026,2026-03-23,03/26/2026,3,Summit Air Cargo,Air,Mexico City,Rochester,51.9,$394.99
SH10726,2026-08-07,2026-08-10,2026-08-17,7,Harbor Express,Truck,Toronto,New York City,457.9,$840.73
SH10414,2026-06-17,2026-06-18,2026-06-24,6,Harbor Express,Truck,Pittsburgh,New York City,865.4,1854.29
SH10740,2026-01-19,2026-01-21,2026-01-27,6,Harbor Express,Truck,Montreal,New York City,163.9,291.78
SH10809,07/15/2026,07/15/2026,2026-08-08,24,BlueWave Shipping,Ocean,Singapore,Dallas,570.6,804.22
SH10328,2026-06-14,2026-06-16,2026-07-08,23,NorthStar Logistics,Ocean,Rotterdam,Rochester,2269.7,"$2,143.87"
SH10616,2026-01-18,2026-01-21,2026-02-11,21,BlueWave Shipping,Ocean,Rotterdam,Atlanta,2193.7,"$2,227.46"
SH10745,02/22/2026,2026-02-22,2026-03-21,27,BlueWave Shipping,Ocean,Singapore,Rochester,737.0,$818.18
SH11181,2026-08-22,2026-08-25,2026-09-18,24,Northstar Logistics,Ocean,Rotterdam,New York City,196.7,341.52
SH11069,2026-03-07,2026-03-08,2026-03-31,18,Atlas Freight,Ocean,Shanghai,Atlanta,2046.7,2316.97
SH10687,01/27/2026,2026-01-30,03/04/2026,28,BlueWave Shipping,Ocean,Shanghai,Dallas,1715.5,"$1,462.53"
SH10030,2026-03-01,2026-03-04,2026-03-30,21,BlueWave Shipping,Ocean,Shanghai,Atlanta,4806.6,"$3,931.39"
SH10495,08/02/2026,2026-08-04,2026-08-23,20,Atlas Freight,Ocean,Singapore,Rochester,2010.5,2334.10
SH10395,03/23/2026,2026-03-26,2026-03-30,5,Harbor Express,Truck,Montreal,Atlanta,157.8,$269.97
SH10168,2026-06-12,2026-06-12,2026-07-05,20,Atlas Freight,Ocean,Singapore,Buffalo,2845.0,2539.89
SH11058,2026-04-30,2026-05-03,05/31/2026,29,Northstar Logistics,Ocean,Rotterdam,Buffalo,5190.3,"$5,573.00"
SH10713,2026-07-18,07/20/2026,2026-08-14,23,Atlas Freight,Ocean,Singapore,Buffalo,4744.1,"$4,798.99"
SH10701,03/19/2026,2026-03-21,2026-04-15,26,BlueWave Shipping,Ocean,Shanghai,Buffalo,1720.2,"$1,662.39"
SH10633,2026-05-06,2026-05-09,2026-05-13,4,Summit Air Cargo,Air,Mexico City,Buffalo,28.5,320.54
SH10417,2026-01-31,2026-02-03,2026-02-07,4,Harbor Express,Truck,Toronto,New York City,324.5,$700.81
SH10371,03/03/2026,2026-03-04,2026-03-25,21,BlueWave Shipping,Ocean,Shanghai,Dallas,868.6,1028.39
SH10474,2026-07-10,2026-07-12,2026-07-16,4,Harbour Express,Truck,Toronto,Buffalo,414.9,787.13
SH10361,2026-03-16,2026-03-17,2026-03-28,6,Atlas Freight,Truck,Pittsburgh,New York City,1367.5,2210.68
SH11104,2026-08-27,08/28/2026,2026-08-31,4,Summit Air Cargo,Air,Shanghai,New York City,47.0,$566.98
SH10310,2026-04-25,2026-04-27,2026-04-30,4,Harbor Express,Truck,Toronto,Rochester,1923.2,3602.54
SH10366,2026-04-06,2026-04-07,04/13/2026,7,harbor express,Truck,Pittsburgh,Dallas,990.3,"$2,101.60"
SH10758,2026-06-13,2026-06-15,06/23/2026,7,Harbour Express,Truck,Pittsburgh,Atlanta,707.7,1410.84
SH10965,2026-01-10,2026-01-10,2026-01-14,4,Summit Air Cargo,Air,Mexico City,Buffalo,118.4,1089.33
SH10250,2026-08-20,2026-08-22,2026-09-14,24,Atlas Freight,Ocean,Shanghai,Rochester,1127.5,"$1,104.27"
SH10653,07/21/2026,2026-07-24,2026-07-27,3,Summit Air Cargo,Air,Frankfurt,Buffalo,214.9,"$1,692.35"
SH10984,08/17/2026,2026-08-19,2026-08-23,4,harbor express,Truck,Montreal,Buffalo,1163.1,"$1,873.33"
SH10707,2026-02-20,2026-02-20,2026-02-26,7,Harbor Express,Truck,Toronto,Buffalo,2486.3,"$4,514.15"
SH10751,05/31/2026,2026-06-02,06/08/2026,6,Harbor Express,Truck,Montreal,Rochester,577.4,"$1,128.81"
SH10489,2026-07-13,07/15/2026,2026-07-25,4,Northstar Logistics,Truck,Montreal,Atlanta,436.1,884.57
SH10989,2026-04-15,2026-04-16,2026-05-14,28,Atlas Freight,Ocean,Rotterdam,New York City,,2165.34
SH10240,2026-01-14,01/17/2026,2026-02-05,20,Blue Wave Shipping,Ocean,Singapore,New York City,537.0,575.01
SH10101,2026-06-23,2026-06-26,2026-07-23,28,BlueWave Shipping,Ocean,Shanghai,Chicago,1657.5,"$1,768.37"
SH10773,2026-05-24,2026-05-27,2026-06-21,25,BlueWave Shipping,Ocean,Singapore,Rochester,969.7,"$1,141.06"
SH11027,2026-02-02,02/05/2026,2026-02-13,4, SUMMIT AIR CARGO,Air,Shanghai,Atlanta,75.3,$587.55
SH11084,02/08/2026,02/08/2026,02/11/2026,4,Harbor Express,Truck,Montreal,Chicago,202.6,$484.04
SH11151,2026-06-22,06/24/2026,2026-06-27,4,Northstar Logistics,Truck,Montreal,Atlanta,574.3,"$1,023.26"
SH10656,2026-08-03,2026-08-06,2026-08-13,7,Harbor Express,Truck,Toronto,Atlanta,1975.4,"$3,718.22"
SH10556,05/03/2026,2026-05-03,2026-05-30,28,Bluewave Shipping,Ocean,Rotterdam,Rochester,,1363.68
SH10267,2026-07-18,07/19/2026,2026-08-10,22,BlueWave Shipping,Ocean,Rotterdam,Buffalo,2098.4,2366.60
SH10691,08/27/2026,08/30/2026,2026-09-06,8,Harbor Express,Truck,Pittsburgh,New York City,586.4,$923.49
SH10822,2026-03-17,2026-03-17,2026-03-22,5,Harbor Express,Truck,Pittsburgh,Rochester,480.3,$869.55
SH10679,2026-07-20,2026-07-20,2026-07-27,8,Harbor Express,Truck,Toronto,Buffalo,1426.5,2740.71
SH10585,2026-02-01,02/01/2026,2026-02-02,2,Summit Air Cargo,Air,Frankfurt,Rochester,208.8,"$1,308.74"
SH10309,2026-05-12,2026-05-12,06/08/2026,28,Atlas Freight ,Ocean,Singapore,Chicago,1264.9,1411.19
SH10117,2026-07-22,2026-07-24,2026-08-23,30,Atlas Freight,Ocean,Singapore,Chicago,388.5,$600.82
SH10419,2026-05-10,2026-05-10,2026-05-18,8,harbor express,Truck,Toronto,Dallas,767.4,"$1,274.74"
SH10988,2026-03-21,03/23/2026,2026-04-12,21,Atlas Freight,Ocean,Rotterdam,New York City,3776.4,3437.57
SH10190,07/22/2026,2026-07-24,08/19/2026,23,BlueWave Shipping,Ocean,Rotterdam,Dallas,778.8,942.44
SH10388,2026-08-13,08/16/2026,08/18/2026,3,Summit Air Cargo,Air,Shanghai,Rochester,159.0,1090.44
SH10517,04/16/2026,2026-04-19,2026-05-15,26,BlueWave Shipping,Ocean,Singapore,Dallas,1316.5,"$1,159.37"
SH10521,2026-03-01,03/01/2026,2026-03-08,7,Atlas Freight,Truck,Toronto,New York City,1682.8,"$3,257.62"
SH10196,2026-01-27,01/28/2026,2026-02-05,8,Harbor Express,Truck,Pittsburgh,Rochester,,911.83
SH11101,2026-02-08,02/11/2026,2026-02-14,4,Harbor Express,Truck,Toronto,Rochester,1133.0,2016.15
SH10836,2026-02-28,2026-03-01,03/05/2026,5,Atlas Freight,Truck,Pittsburgh,Buffalo,471.1,$923.74
SH10054,2026-05-20,2026-05-22,2026-06-13,23,BlueWave Shipping,Ocean,Singapore,New York City,1146.9,1064.92
SH11025,2026-06-22,2026-06-23,2026-06-26,4, SUMMIT AIR CARGO,Air,Mexico City,Atlanta,69.5,$673.39
SH11081,05/24/2026,2026-05-24,2026-05-27,3,Summit Air Cargo,Air,Mexico City,Atlanta,44.1,308.24
SH10448,2026-05-14,2026-05-15,06/07/2026,23,BlueWave Shipping,Ocean,Shanghai,Dallas,1149.2,"$1,253.62"
SH10479,2026-07-13,2026-07-15,07/19/2026,4,Summit Air Cargo,Air,Mexico City,Chicago,104.8,$775.54
SH10555,2026-01-13,2026-01-13,2026-01-19,7,Harbor Express,Truck,Toronto,Chicago,664.8,1427.60
SH11048,2026-05-31,2026-05-31,06/05/2026,6,Atlas Freight,Truck,Montreal,New York City,847.6,"$1,759.31"
SH11118,2026-05-30,2026-05-30,2026-06-06,8,Harbor Express,Truck,Toronto,Buffalo,216.5,379.41
SH10590,2026-04-21,04/21/2026,05/13/2026,22,NorthStar Logistics,Ocean,Shanghai,Atlanta,1506.4,"$1,664.29"
SH10539,03/03/2026,03/04/2026,2026-03-09,6,Harbor Express,Truck,Toronto,Chicago,497.7,$840.32
SH10732,01/30/2026,2026-01-30,02/04/2026,5,Atlas Freight,Truck,Montreal,Buffalo,446.4,"$1,008.35"
SH11110,2026-01-25,2026-01-25,2026-02-02,8,Harbor Express,Truck,Toronto,New York City,255.2,$616.73
SH10817,2026-05-17,2026-05-19,05/27/2026,8,Harbor Express,Truck,Pittsburgh,Buffalo,1400.4,2697.42
SH10462,2026-03-19,2026-03-22,2026-03-28,7,Atlas Freight,Truck,Pittsburgh,Dallas,640.9,1216.11
SH10814,2026-06-07,2026-06-10,2026-07-01,21,BlueWave Shipping,Ocean,Singapore,Rochester,1664.0,"$1,886.82"
SH10840,2026-06-24,2026-06-26,2026-07-05,5,Atlas Freight,Truck,Toronto,Chicago,180.5,$345.53
SH10005,2026-06-15,2026-06-16,2026-06-20,4,Atlas Freight,Truck,Toronto,Atlanta,325.1,$707.99
SH10277,2026-07-03,2026-07-03,2026-07-07,4,Summit Air Cargo,Air,Shanghai,Buffalo,82.6,$662.22
SH10681,01/24/2026,2026-01-24,1900-01-01,3,Summit Air Cargo,Air,Shanghai,Dallas,73.2,$480.52
SH10322,2026-08-05,2026-08-05,08/12/2026,4,Harbor Express,Truck,Montreal,Chicago,584.2,1109.80
SH10375,2026-06-20,2026-06-22,2026-07-04,7,Harbor Express,Truck,Montreal,Chicago,412.1,799.70
SH11011,2026-08-17,08/20/2026,2026-08-22,2,Summit Air Cargo,Air,Shanghai,Buffalo,31.6,$384.40
SH10796,2026-03-24,2026-03-24,2026-04-14,22,BlueWave Shipping,Ocean,Shanghai,Chicago,2541.8,2166.95
SH10302,2026-05-29,2026-05-29,2026-06-04,6,Northstar Logistics,Truck,Pittsburgh,Rochester,1656.1,3175.85
SH10918,2026-03-31,2026-03-31,2026-04-25,26,Atlas Freight,Ocean,Singapore,Buffalo,1251.9,1462.46
SH10767,2026-02-10,2026-02-10,03/05/2026,23,Northstar Logistics,Ocean,Rotterdam,Atlanta,3088.2,3207.26
SH10815,2026-07-22,2026-07-25,2026-07-28,3,Summit Air Cargo,Air,Shanghai,New York City,,1472.06
SH10874,2026-06-17,2026-06-17,2026-06-24,7,Harbor Express,Truck,Pittsburgh,Rochester,864.8,"$1,506.69"
SH10581,2026-07-21,07/21/2026,2026-07-24,4,Summit Air Cargo,Air,Mexico City,Dallas,56.9,511.96
SH10688,2026-05-05,05/07/2026,05/15/2026,8,Atlas Freight,Truck,Pittsburgh,Buffalo,1461.5,"$2,893.12"
SH11007,2026-04-09,04/12/2026,2026-04-15,4,Atlas Freight,Truck,Toronto,Buffalo,675.9,1409.95
SH10321,2026-08-27,2026-08-27,2026-09-01,5,Harbor Express,Truck,Montreal,Atlanta,316.1,$540.69
SH10148,04/05/2026,2026-04-06,2026-04-30,25,Northstar Logistics,Ocean,Shanghai,Rochester,1878.9,"$1,756.15"
SH10305,2026-04-07,2026-04-09,2026-05-08,29,BlueWave Shipping,Ocean,Rotterdam,New York City,680.2,$800.07
SH10855,03/29/2026,2026-03-30,2026-04-04,5,Northstar Logistics,Truck,Toronto,Buffalo,548.0,"$1,199.19"
SH10728,03/01/2026,2026-03-01,03/07/2026,6,Harbor Express,Truck,Pittsburgh,Dallas,394.5,816.74
SH10761,05/25/2026,2026-05-28,2026-06-22,19,BlueWave Shipping,Ocean,Singapore,Dallas,3007.1,2842.85
SH10445,2026-08-11,08/12/2026,2026-08-16,4,Summit Air Cargo,Air,Mexico City,Chicago,77.3,659.24
SH10342,2026-03-02,2026-03-03,03/10/2026,7,Atlas Freight,Truck,Toronto,Rochester,359.0,$797.12
SH10503,2026-04-18,2026-04-20,,6,Atlas Freight,Truck,Montreal,Buffalo,706.0,"$1,481.53"
SH10059,2026-05-01,2026-05-01,05/23/2026,22,Northstar Logistics,Ocean,Rotterdam,Rochester,2413.9,"$1,987.01"
SH10249,2026-05-03,2026-05-03,2026-05-09,5,Northstar Logistics,Truck,Pittsburgh,Dallas,2578.6,"$4,362.73"
SH10093,2026-07-06,2026-07-06,2026-07-16,4,Northstar Logistics,Truck,Toronto,Chicago,246.4,613.87
SH10850,2026-02-05,02/08/2026,2026-02-15,7,harbor express,Truck,Montreal,Dallas,520.8,911.09
SH10513,2026-07-28,2026-07-31,2026-08-08,3,Summit Air Cargo,Air,Shanghai,Atlanta,28.5,$344.60
SH10396,02/20/2026,2026-02-23,2026-03-28,30,BlueWave Shipping,Ocean,Shanghai,Atlanta,1778.0,"$1,817.37"
SH10808,2026-08-15,2026-08-16,2026-08-22,6,harbor express,Truck,Toronto,Atlanta,1280.5,"$2,014.89"
SH11034,2026-02-19,2026-02-19,2026-03-21,30,Blue Wave Shipping,Ocean,Shanghai,New York City,3939.5,4435.53
SH10639,2026-04-20,04/23/2026,2026-04-29,7,Harbor Express,Truck,Pittsburgh,Rochester,357.9,740.93
SH10324,01/18/2026,2026-01-19,01/22/2026,4,Summit Air Cargo,Air,Frankfurt,Rochester,,556.45
SH10854,2026-03-10,2026-03-12,04/09/2026,28,Atlas Freight,Ocean,Rotterdam,Buffalo,900.2,$922.33
SH10857,06/28/2026,2026-07-01,1900-01-01,26,ATLAS FREIGHT,Ocean,Rotterdam,Rochester,1522.0,1302.74
SH10554,2026-04-14,2026-04-16,2026-05-09,23,ATLAS FREIGHT,Ocean,Rotterdam,Buffalo,3232.3,2894.18
SH11135,2026-04-04,2026-04-06,2026-04-13,7,Harbor Express,Truck,Toronto,Atlanta,,"$1,082.87"
SH10070,2026-08-19,2026-08-21,2026-09-10,21,Northstar Logistics,Ocean,Singapore,Chicago,567.3,$699.58
SH11167,2026-01-05,01/06/2026,2026-01-12,6,Harbor Express,Truck,Pittsburgh,Atlanta,1259.0,"$2,439.99"
SH10987,2026-08-25,2026-08-25,2026-09-18,24,BlueWave Shipping,Ocean,Rotterdam,New York City,545.1,$644.17
SH11060,2026-05-27,2026-05-30,06/02/2026,4,Northstar Logistics,Truck,Pittsburgh,Buffalo,411.1,690.81
SH10204,2026-02-13,2026-02-14,03/13/2026,22,Northstar Logistics,Ocean,Singapore,Atlanta,1290.4,"$1,181.29"
SH10319,2026-03-28,2026-03-29,2026-04-18,20,Atlas Freight,Ocean,Rotterdam,Dallas,1718.6,"$1,838.55"
SH10589,2026-03-11,2026-03-11,2026-04-12,28,Northstar Logistics,Ocean,Rotterdam,Rochester,202.5,230.17
SH10345,2026-08-01,2026-08-02,08/29/2026,22,BlueWave Shipping,Ocean,Rotterdam,Rochester,4232.9,"$4,510.71"
SH10344,2026-03-11,03/13/2026,2026-03-23,5,Northstar Logistics,Truck,Pittsburgh,Rochester,1703.2,"$3,026.08"
SH10383,05/03/2026,05/04/2026,05/16/2026,7,Atlas Freight,Truck,Montreal,Buffalo,327.0,715.58
SH10646,2026-07-17,07/17/2026,2026-07-23,6,Harbor Express,Truck,Montreal,New York City,477.7,1036.48
SH10286,2026-06-29,2026-07-02,2026-07-06,5,harbor express,Truck,Toronto,Dallas,3117.6,"$5,795.31"
SH11008,2026-05-13,05/13/2026,2026-05-18,6,Harbor Express,Truck,Toronto,Chicago,222.9,462.00
SH10080,2026-03-27,2026-03-30,2026-04-20,21,Northstar Logistics,Ocean,Rotterdam,Chicago,262.9,$416.59
SH10651,2026-05-13,2026-05-13,2026-06-03,21,Atlas Freight,Ocean,Rotterdam,Dallas,922.7,1048.49
SH10210,2026-08-20,2026-08-23,2026-09-20,24,Northstar Logistics,Ocean,Rotterdam,New York City,306.4,$322.60
SH10824,2026-08-27,08/28/2026,2026-08-30,3,Summit Air Cargo,Air,Mexico City,Dallas,81.0,$627.60
SH10244,2026-05-27,2026-05-27,06/14/2026,19,BlueWave Shipping,Ocean,Rotterdam,Dallas,519.2,$771.66
SH11067,2026-07-19,2026-07-22,2026-08-11,21,BlueWave Shipping,Ocean,Shanghai,Atlanta,1302.5,"$1,336.20"
SH10620,03/29/2026,04/01/2026,2026-04-05,4,Northstar Logistics,Truck,Pittsburgh,Dallas,1742.3,"$2,566.19"
SH10885,05/23/2026,2026-05-26,2026-06-01,6,harbor express,Truck,Toronto,Chicago,754.3,"$1,438.40"
SH10439,2026-04-18,04/20/2026,2026-05-08,19,BlueWave Shipping,Ocean,Rotterdam,Chicago,1195.6,"$1,188.82"
SH10341,06/07/2026,2026-06-09,2026-07-04,20,Northstar Logistics,Ocean,Singapore,Chicago,4936.6,"$4,958.72"
SH10510,2026-06-13,2026-06-13,2026-06-18,5,Northstar Logistics,Truck,Toronto,Rochester,160.3,415.73
SH11198,03/12/2026,2026-03-15,03/18/2026,4,Atlas Freight,Truck,Pittsburgh,Atlanta,682.6,1317.45
SH10201,2026-08-01,2026-08-04,2026-08-21,18,BlueWave Shipping,Ocean,Singapore,Dallas,105.2,281.67
SH10039,2026-02-21,2026-02-23,2026-03-04,4,Harbor Express,Truck,Montreal,Dallas,573.0,$973.01
SH11179,2026-05-21,05/22/2026,2026-06-19,28,BlueWave Shipping,Ocean,Singapore,New York City,,"$1,290.67"
SH11122,2026-04-24,2026-04-24,2026-04-29,5,Northstar Logistics,Truck,Toronto,Atlanta,1198.4,"$2,106.12"
SH11066,2026-06-05,2026-06-06,06/12/2026,6,Northstar Logistics,Truck,Montreal,Buffalo,418.4,$872.95
SH10103,2026-03-03,2026-03-03,03/30/2026,27,Atlas Freight,Ocean,Rotterdam,Chicago,1433.2,1320.20
SH10720,2026-07-03,2026-07-04,2026-07-07,3, SUMMIT AIR CARGO,Air,Mexico City,Dallas,10.2,197.83
SH10393,2026-02-16,2026-02-18,02/24/2026,6,harbor express,Truck,Toronto,New York City,18.3,$160.07
SH10020,2026-04-23,2026-04-26,2026-05-23,28,Blue Wave Shipping,Ocean,Singapore,Rochester,676.5,715.63
SH10887,2026-04-21,2026-04-23,2026-05-15,22,Blue Wave Shipping,Ocean,Shanghai,Dallas,940.5,$897.90
SH10144,2026-02-02,2026-02-02,03/03/2026,23,Northstar Logistics,Ocean,Shanghai,New York City,1449.0,"$1,582.40"
SH10076,07/24/2026,07/27/2026,2026-08-26,28,BlueWave Shipping,Ocean,Singapore,Buffalo,187.4,$344.89
SH11059,2026-02-16,2026-02-16,2026-03-17,29,Atlas Freight,Ocean,Shanghai,Rochester,2839.6,3341.96
SH10490,08/22/2026,2026-08-23,08/24/2026,2,Summit Air Cargo,Air,Shanghai,Chicago,416.0,3341.61
SH11039,05/07/2026,2026-05-07,2026-06-06,30,BlueWave Shipping,Ocean,Shanghai,Atlanta,472.5,565.71
SH10370,2026-04-28,2026-04-28,2026-05-06,5,Harbor Express,Truck,Montreal,Dallas,3217.0,"$4,655.51"
SH11076,2026-02-06,2026-02-06,2026-02-12,6,Harbour Express,Truck,Montreal,New York City,1219.4,"$2,126.66"
SH10065,03/09/2026,2026-03-09,2026-03-12,4,Northstar Logistics,Truck,Toronto,Atlanta,,726.84
SH11109,2026-07-15,07/17/2026,07/23/2026,6,Harbor Express,Truck,Montreal,Buffalo,227.0,432.14
SH11120,2026-01-18,01/18/2026,2026-02-10,20,Northstar Logistics,Ocean,Rotterdam,Dallas,1620.8,1606.99
SH10603,2026-07-26,2026-07-27,2026-07-31,4,Summit Air Cargo,Air,Mexico City,Dallas,,843.65
SH10399,2026-06-30,2026-06-30,2026-07-25,20,Northstar Logistics,Ocean,Singapore,Dallas,4400.0,4293.67
SH10111,04/28/2026,2026-05-01,2026-05-26,19,Atlas Freight ,Ocean,Rotterdam,Buffalo,1889.3,1674.57
SH10644,03/01/2026,03/02/2026,2026-03-22,21,Atlas Freight,Ocean,Shanghai,Buffalo,772.5,677.73
SH10548,02/06/2026,2026-02-08,2026-02-27,19,BlueWave Shipping,Ocean,Shanghai,Dallas,2246.6,"$2,133.75"
SH10847,2026-05-20,2026-05-23,2026-06-18,27,Atlas Freight,Ocean,Rotterdam,Chicago,2839.8,"$2,990.45"
SH11172,2026-08-20,2026-08-20,2026-09-09,19,Northstar Logistics,Ocean,Rotterdam,Atlanta,306.6,402.36
SH10289,03/14/2026,2026-03-17,2026-03-23,7,Harbor Express,Truck,Montreal,Chicago,467.0,1079.22
SH10939,01/23/2026,2026-01-23,2026-02-12,21,BlueWave Shipping,Ocean,Singapore,New York City,4002.7,"$3,831.02"
SH11188,02/09/2026,2026-02-11,03/12/2026,30,Northstar Logistics,Ocean,Singapore,Chicago,250.1,376.73
SH10038,2026-04-23,2026-04-25,2026-04-30,5,Harbor Express,Truck,Toronto,Rochester,2033.6,3942.52
SH10892,2026-07-31,2026-08-01,2026-08-29,28,Atlas Freight,Ocean,Singapore,Dallas,841.6,"$1,018.85"
SH10243,2026-03-10,2026-03-13,2026-04-04,22,Blue Wave Shipping,Ocean,Rotterdam,Rochester,927.3,943.55
SH10897,2026-04-21,04/21/2026,2026-05-12,21,Northstar Logistics,Ocean,Shanghai,Atlanta,2810.1,3136.45
SH10440,08/18/2026,2026-08-21,09/07/2026,18,Atlas Freight,Ocean,Rotterdam,Rochester,454.4,$478.76
SH10664,2026-03-25,2026-03-28,2026-04-14,18,Blue Wave Shipping,Ocean,Singapore,Rochester,1173.8,1342.37
SH11022,2026-02-15,02/18/2026,2026-02-27,5,Northstar Logistics,Truck,Montreal,New York City,339.2,$755.03
SH10893,2026-07-26,2026-07-28,08/16/2026,19,Atlas Freight,Ocean,Rotterdam,New York City,726.2,$798.15
SH10869,2026-01-28,2026-01-31,2026-02-08,8,Northstar Logistics,Truck,Toronto,New York City,555.7,"$1,272.73"
SH10075,03/07/2026,03/09/2026,2026-04-02,24,Atlas Freight,Ocean,Singapore,Chicago,2116.7,"$2,452.50"
SH10610,2026-02-11,2026-02-12,03/07/2026,23,Blue Wave Shipping,Ocean,Singapore,New York City,1985.9,"$2,169.66"
SH10733,2026-01-09,2026-01-10,2026-02-01,23,BlueWave Shipping,Ocean,Shanghai,Rochester,2499.0,"$2,466.02"
SH10315,2026-07-05,07/06/2026,2026-07-14,4,Harbor Express,Truck,Pittsburgh,New York City,550.4,1179.19
SH10469,02/08/2026,02/10/2026,03/07/2026,25,BlueWave Shipping,Ocean,Shanghai,Rochester,3850.0,"$3,502.99"
SH11047,2026-04-12,2026-04-12,2026-05-07,26,BlueWave Shipping,Ocean,Singapore,New York City,1964.0,"$2,330.90"
SH10178,2026-04-01,04/04/2026,2026-05-03,29,BlueWave Shipping,Ocean,Rotterdam,Dallas,1757.8,"$1,806.26"
SH10768,05/31/2026,2026-06-01,2026-06-25,24,Northstar Logistics,Ocean,Shanghai,New York City,1219.4,1185.91
SH10793,2026-06-20,2026-06-20,2026-06-23,4,harbor express,Truck,Montreal,Chicago,390.5,$755.00
SH10964,2026-04-08,2026-04-11,05/04/2026,23,BlueWave Shipping,Ocean,Rotterdam,Dallas,1785.9,1953.66
SH10427,08/13/2026,2026-08-13,09/06/2026,25,Atlas Freight,Ocean,Rotterdam,Atlanta,355.0,489.20
SH10193,2026-03-13,2026-03-14,2026-03-21,7,Harbor Express,Truck,Pittsburgh,Atlanta,154.9,398.15
SH10742,01/09/2026,2026-01-10,2026-02-01,23,ATLAS FREIGHT,Ocean,Shanghai,Buffalo,1363.1,"$1,533.53"
SH10488,07/15/2026,07/18/2026,2026-07-23,6,northstar logistics ,Truck,Montreal,Dallas,619.2,1334.25
SH10374,01/20/2026,01/20/2026,02/11/2026,22,northstar logistics ,Ocean,Rotterdam,Rochester,733.4,$883.31
SH10368,2026-07-09,2026-07-12,2026-07-19,8,harbor express,Truck,Toronto,Rochester,,$962.29
SH11100,2026-06-24,2026-06-25,2026-06-29,5,harbor express,Truck,Toronto,Atlanta,570.4,1155.57
SH11169,06/14/2026,2026-06-14,2026-06-18,4,Summit Air Cargo,Air,Shanghai,Rochester,40.2,$369.84
SH11165,2026-06-07,2026-06-10,07/07/2026,28,Atlas Freight,Ocean,Rotterdam,Rochester,1138.6,1293.90
SH10634,2026-05-14,2026-05-14,06/08/2026,26,Atlas Freight,Ocean,Singapore,Atlanta,3547.7,3280.17
SH10359,03/10/2026,2026-03-12,2026-03-16,4,Harbor Express,Truck,Toronto,Chicago,774.9,1248.58
SH10544,2026-02-23,2026-02-25,2026-03-26,30,northstar logistics ,Ocean,Rotterdam,New York City,900.8,$900.08
SH10686,2026-04-22,2026-04-22,2026-04-25,3,Summit Air Cargo,Air,Mexico City,Dallas,68.0,$511.28
SH10734,2026-06-16,06/16/2026,07/14/2026,25,ATLAS FREIGHT,Ocean,Shanghai,Buffalo,936.3,"$1,042.17"
SH10420,2026-05-20,2026-05-23,06/11/2026,19,BlueWave Shipping,Ocean,Rotterdam,Rochester,597.3,$699.90
SH10349,2026-04-23,2026-04-24,2026-04-25,2,Summit Air Cargo,Air,Shanghai,Atlanta,59.8,$532.87
SH10147,2026-06-10,2026-06-11,2026-07-08,22,Northstar Logistics,Ocean,Shanghai,Rochester,,3563.83
SH11152,2026-07-18,2026-07-20,2026-08-18,29,Northstar Logistics,Ocean,Shanghai,Dallas,282.1,$298.80
SH10121,03/10/2026,03/13/2026,2026-03-21,8,Atlas Freight ,Truck,Montreal,Atlanta,1040.6,"$2,101.86"
SH10441,2026-07-22,2026-07-23,2026-07-26,3,Summit Air Cargo,Air,Shanghai,Buffalo,220.7,"$1,796.52"
SH11160,2026-04-29,04/29/2026,2026-05-19,21,BlueWave Shipping,Ocean,Rotterdam,Chicago,2756.6,2388.26
SH10278,2026-06-02,06/03/2026,2026-06-10,8,Harbor Express,Truck,Toronto,Dallas,535.1,"$1,026.85"
SH11068,2026-08-24,08/24/2026,2026-08-30,7,Atlas Freight,Truck,Montreal,Chicago,1397.0,2266.70
SH10782,2026-06-18,06/20/2026,06/23/2026,4,Summit Air Cargo,Air,Shanghai,New York City,19.0,$196.64
SH10042,2026-04-30,04/30/2026,2026-05-05,6,harbor express,Truck,Pittsburgh,New York City,405.6,645.17
SH10497,01/24/2026,01/24/2026,2026-02-18,25,Atlas Freight,Ocean,Singapore,Chicago,581.7,$786.99
SH11186,2026-04-13,04/16/2026,2026-04-19,4,Summit Air Cargo,Air,Mexico City,Dallas,60.6,$501.06
SH10867,2026-07-09,2026-07-10,2026-07-17,8,Northstar Logistics,Truck,Toronto,New York City,675.9,"$1,493.50"
SH10977,03/29/2026,03/31/2026,2026-04-24,25,BlueWave Shipping,Ocean,Singapore,New York City,717.8,825.56
SH11134,2026-01-22,2026-01-25,2026-02-26,27,Northstar Logistics,Ocean,Shanghai,Rochester,3800.9,"$4,202.38"
SH10063,2026-07-12,2026-07-15,2026-08-12,28,BlueWave Shipping,Ocean,Rotterdam,New York City,1288.5,"$1,229.81"
SH10184,08/19/2026,2026-08-21,2026-09-12,22,BlueWave Shipping,Ocean,Rotterdam,New York City,2517.6,2321.67
SH10041,05/07/2026,2026-05-09,2026-05-12,4,Northstar Logistics,Truck,Pittsburgh,Dallas,383.4,781.78
SH10140,07/22/2026,07/22/2026,2026-08-23,26,Northstar Logistics,Ocean,Singapore,Buffalo,1487.7,"$1,764.11"
SH11010,2026-02-15,2026-02-18,2026-02-24,7,Harbor Express,Truck,Toronto,Rochester,959.2,"$1,527.25"
SH11094,02/26/2026,2026-02-26,2026-03-25,27,BlueWave Shipping,Ocean,Rotterdam,Dallas,2566.5,"$2,889.59"
SH10666,2026-06-15,2026-06-17,2026-06-25,6,Northstar Logistics,Truck,Montreal,Chicago,,991.25
SH10944,2026-04-01,04/01/2026,2026-04-25,24,Atlas Freight,Ocean,Singapore,Rochester,1915.1,"$2,118.84"
SH10842,2026-06-21,06/24/2026,2026-07-01,7,harbor express,Truck,Pittsburgh,Dallas,1029.0,1535.09
SH11030,04/29/2026,2026-05-02,2026-05-04,3,Summit Air Cargo,Air,Frankfurt,New York City,69.1,$583.84
SH10994,2026-03-26,2026-03-27,2026-04-23,27,BlueWave Shipping,Ocean,Rotterdam,Atlanta,2643.6,2114.66
SH10619,03/08/2026,03/08/2026,03/17/2026,4,Summit Air Cargo,Air,Shanghai,Dallas,43.2,$440.65
SH10580,03/26/2026,2026-03-26,04/18/2026,23,BlueWave Shipping,Ocean,Shanghai,New York City,1411.8,1316.73
SH10149,2026-08-20,2026-08-21,2026-09-16,27,ATLAS FREIGHT,Ocean,Singapore,Rochester,2627.6,2813.42
SH11044,2026-03-02,2026-03-03,2026-03-09,6,Harbor Express,Truck,Toronto,Dallas,1636.3,"$2,689.79"
SH11090,2026-06-12,2026-06-15,,21,Bluewave Shipping,Ocean,Shanghai,Buffalo,1687.1,"$1,916.16"
SH10061,2026-05-02,05/05/2026,05/26/2026,22,Atlas Freight,Ocean,Rotterdam,Dallas,6435.9,5797.09
SH11033,2026-04-07,2026-04-08,2026-04-11,3,Summit Air Cargo,Air,Frankfurt,Chicago,39.3,$472.95
SH10612,2026-08-07,2026-08-08,2026-08-31,24,BlueWave Shipping,Ocean,Shanghai,New York City,1202.3,"$1,500.44"
SH11173,2026-06-17,2026-06-17,2026-06-23,7,northstar logistics ,Truck,Toronto,New York City,258.0,$452.06
SH10227,2026-07-25,2026-07-27,2026-08-04,8,Atlas Freight,Truck,Toronto,Atlanta,228.7,590.58
SH10092,04/05/2026,2026-04-05,2026-04-10,5,Harbor Express,Truck,Pittsburgh,Buffalo,418.7,$919.96
SH10748,08/09/2026,2026-08-11,1900-01-01,4,Atlas Freight,Truck,Pittsburgh,Rochester,637.4,1015.28
SH10538,2026-07-03,07/04/2026,2026-07-07,3, SUMMIT AIR CARGO,Air,Frankfurt,New York City,68.5,508.04
SH10077,2026-04-20,2026-04-22,2026-04-27,5,harbor express,Truck,Montreal,Rochester,1096.8,1810.87
SH10801,04/21/2026,2026-04-24,05/20/2026,27,Atlas Freight,Ocean,Rotterdam,Buffalo,2013.9,1984.69
SH10533,2026-04-10,2026-04-13,2026-05-12,29,NorthStar Logistics,Ocean,Rotterdam,Buffalo,735.4,$756.71
SH10418,2026-03-15,2026-03-18,03/22/2026,4,Summit Air Cargo,Air,Mexico City,New York City,143.0,970.62
SH10578,2026-05-11,2026-05-14,2026-06-06,19,Northstar Logistics,Ocean,Shanghai,Atlanta,1094.9,1194.64
SH10379,2026-01-21,2026-01-21,2026-02-18,22,Northstar Logistics,Ocean,Shanghai,Atlanta,1004.3,"$1,085.02"
SH11141,2026-03-14,03/15/2026,2026-03-23,5,Northstar Logistics,Truck,Pittsburgh,Buffalo,5.7,126.06
SH10135,05/11/2026,2026-05-14,2026-06-06,24,BlueWave Shipping,Ocean,Shanghai,Atlanta,4514.4,3891.00
SH10353,2026-02-26,2026-02-26,2026-03-18,20,BlueWave Shipping,Ocean,Rotterdam,Atlanta,1125.9,1267.19
SH10486,03/07/2026,2026-03-08,03/13/2026,6,Harbor Express,Truck,Toronto,Rochester,482.4,"$1,004.15"
SH10355,2026-03-06,2026-03-06,04/01/2026,26,Blue Wave Shipping,Ocean,Shanghai,Atlanta,2527.5,"$2,970.60"
SH10200,04/19/2026,2026-04-21,2026-05-21,30,BlueWave Shipping,Ocean,Rotterdam,Rochester,1670.4,1718.96
SH10658,2026-07-02,2026-07-03,2026-07-26,18,BlueWave Shipping,Ocean,Rotterdam,New York City,1383.8,"$1,242.83"
SH10900,04/23/2026,2026-04-25,2026-04-27,2, SUMMIT AIR CARGO,Air,Shanghai,New York City,22.4,$364.60
SH11049,2026-06-08,2026-06-10,2026-06-19,6,Harbor Express,Truck,Montreal,Chicago,403.5,738.51
SH10069,03/11/2026,2026-03-11,2026-03-16,6,Northstar Logistics,Truck,Montreal,Dallas,769.6,"$1,473.84"
SH11075,2026-06-04,06/06/2026,2026-06-15,7,Northstar Logistics,Truck,Montreal,Dallas,2099.0,"$3,035.99"
SH10880,2026-01-31,2026-01-31,2026-02-01,2,Summit Air Cargo,Air,Mexico City,Chicago,,"$1,017.94"
SH10464,2026-06-07,2026-06-10,2026-06-16,6,Northstar Logistics,Truck,Pittsburgh,Atlanta,1625.9,3312.60
SH10600,2026-05-14,2026-05-14,05/19/2026,5,Northstar Logistics,Truck,Pittsburgh,Chicago,946.4,"$1,413.46"
SH11194,2026-02-20,2026-02-20,2026-02-25,5,Harbor Express,Truck,Pittsburgh,Dallas,584.4,969.46
SH10024,2026-05-02,2026-05-04,2026-06-02,30,Blue Wave Shipping,Ocean,Shanghai,Rochester,1318.0,1187.01
SH10890,2026-04-04,2026-04-07,2026-04-27,21,BlueWave Shipping,Ocean,Shanghai,Chicago,1085.9,1127.90
SH10531,2026-02-15,2026-02-18,02/22/2026,4,Harbor Express,Truck,Montreal,Dallas,153.6,311.31
SH10788,2026-07-02,2026-07-02,07/03/2026,2,Summit Air Cargo,Air,Mexico City,New York City,140.0,"$1,162.74"
SH10757,2026-03-04,03/04/2026,2026-03-25,21,BlueWave Shipping,Ocean,Shanghai,New York City,852.9,"$1,078.09"
SH10136,2026-02-12,2026-02-12,2026-02-16,4,atlas freight,Truck,Montreal,Dallas,1352.7,"$2,767.66"
SH10007,04/25/2026,2026-04-27,2026-05-07,7,harbor express,Truck,Pittsburgh,Chicago,514.8,$958.48
SH10630,2026-02-13,2026-02-14,2026-02-18,4,NorthStar Logistics,Truck,Pittsburgh,Rochester,,2013.65
SH10449,2026-03-27,03/28/2026,03/29/2026,2, SUMMIT AIR CARGO,Air,Shanghai,Dallas,51.2,528.61
SH10698,2026-06-23,2026-06-24,2026-07-22,28,BlueWave Shipping,Ocean,Shanghai,Rochester,1423.1,1458.95
SH11031,04/08/2026,2026-04-08,2026-05-08,24,Northstar Logistics,Ocean,Shanghai,Buffalo,2570.1,"$2,933.54"
SH10542,2026-02-17,02/17/2026,2026-02-24,7,Harbor Express,Truck,Toronto,Chicago,645.3,1047.95
SH10233,07/24/2026,07/25/2026,08/16/2026,22,Northstar Logistics,Ocean,Singapore,Dallas,409.6,505.65
SH10780,04/23/2026,2026-04-23,2026-05-17,24,BlueWave Shipping,Ocean,Singapore,Atlanta,3731.7,3054.06
SH10255,01/20/2026,2026-01-22,2026-02-16,25,Northstar Logistics,Ocean,Singapore,Atlanta,1106.6,"$1,171.77"
SH10234,2026-07-09,07/11/2026,08/07/2026,28,BlueWave Shipping,Ocean,Rotterdam,Buffalo,963.9,$868.82
SH10284,2026-05-03,2026-05-06,2026-05-09,3,Summit Air Cargo,Air,Mexico City,Atlanta,22.4,278.77
SH10071,2026-08-24,2026-08-24,2026-09-14,19,Northstar Logistics,Ocean,Rotterdam,Atlanta,4767.3,"$4,310.23"
SH10704,01/05/2026,01/06/2026,2026-01-10,5,Northstar Logistics,Truck,Pittsburgh,Chicago,278.0,$574.35
SH10208,2026-03-01,2026-03-04,2026-03-10,7,Harbour Express,Truck,Pittsburgh,Dallas,459.7,889.10
SH11178,01/23/2026,2026-01-26,02/21/2026,27,BlueWave Shipping,Ocean,Rotterdam,Dallas,2004.3,"$2,348.88"
SH10917,2026-08-15,08/15/2026,2026-08-20,5,Northstar Logistics,Truck,Pittsburgh,Chicago,2408.0,"$4,030.75"
SH10487,07/22/2026,2026-07-24,2026-08-11,18,Northstar Logistics,Ocean,Singapore,Dallas,2094.7,"$2,415.35"
SH10715,2026-08-07,08/09/2026,08/29/2026,21,Bluewave Shipping,Ocean,Rotterdam,Buffalo,1215.5,"$1,227.65"
SH11161,2026-08-17,2026-08-20,08/26/2026,7,Atlas Freight,Truck,Pittsburgh,Dallas,936.6,"$1,487.26"
SH10282,2026-04-08,2026-04-10,2026-04-29,19,BlueWave Shipping,Ocean,Rotterdam,Atlanta,263.9,419.51
SH10694,2026-02-06,02/07/2026,2026-03-03,25,Blue Wave Shipping,Ocean,Singapore,Chicago,2297.2,"$2,080.32"
SH10919,2026-05-18,2026-05-18,06/14/2026,28,BlueWave Shipping,Ocean,Singapore,Rochester,2008.0,"$2,056.71"
SH11174,2026-08-24,2026-08-26,2026-09-08,8,Northstar Logistics,Truck,Toronto,Dallas,129.1,$334.45
SH10833,2026-02-08,2026-02-11,2026-02-15,4,Harbor Express,Truck,Montreal,Rochester,861.1,1371.56
SH10088,02/18/2026,2026-02-18,2026-03-22,27,Northstar Logistics,Ocean,Shanghai,Buffalo,,"$2,497.38"
SH11093,2026-04-13,04/14/2026,2026-04-24,5,Harbor Express,Truck,Montreal,Buffalo,887.4,1441.50
SH10410,2026-06-01,06/04/2026,2026-06-11,7,Atlas Freight,Truck,Montreal,Atlanta,548.7,1237.71
SH10001,2026-04-18,2026-04-19,2026-05-14,26,Atlas Freight,Ocean,Rotterdam,Buffalo,2879.7,"$3,378.56"
SH10569,2026-07-29,2026-08-01,2026-08-07,7,Atlas Freight,Truck,Toronto,Dallas,552.7,997.13
SH10156,02/12/2026,2026-02-14,02/19/2026,6,Harbor Express,Truck,Pittsburgh,Rochester,655.2,"$1,027.14"
SH10786,2026-05-02,2026-05-05,2026-05-28,23,BlueWave Shipping,Ocean,Rotterdam,New York City,1135.0,972.13
SH10611,05/29/2026,2026-06-01,2026-06-05,4,harbor express,Truck,Montreal,Atlanta,1235.4,1893.54
SH11145,2026-02-04,02/04/2026,2026-02-21,18,BlueWave Shipping,Ocean,Singapore,Atlanta,2279.6,"$2,414.22"
SH10386,2026-01-05,2026-01-08,01/30/2026,23,BlueWave Shipping,Ocean,Shanghai,Chicago,919.5,883.52
SH10738,2026-03-08,2026-03-10,2026-03-14,5,Northstar Logistics,Truck,Toronto,Buffalo,232.9,$551.20
SH10083,2026-01-28,2026-01-29,2026-02-19,22,Atlas Freight,Ocean,Singapore,Buffalo,1058.6,"$1,030.21"
SH10365,2026-02-08,2026-02-11,03/10/2026,27,Atlas Freight,Ocean,Singapore,Rochester,1859.2,1606.85
SH10424,2026-05-11,2026-05-11,2026-05-14,4,Summit Air Cargo,Air,Mexico City,Rochester,129.5,"$1,056.96"
SH11071,2026-04-25,2026-04-28,04/30/2026,3,Summit Air cargo,Air,Shanghai,New York City,38.4,$473.35
SH10394,2026-03-20,2026-03-21,2026-04-15,25,Atlas Freight,Ocean,Singapore,Atlanta,659.3,$772.69
SH10096,2026-02-17,2026-02-19,02/25/2026,7,Harbour Express,Truck,Pittsburgh,Buffalo,860.9,1705.75
SH10933,2026-08-08,2026-08-09,2026-08-28,20,BlueWave Shipping,Ocean,Singapore,Atlanta,2101.7,"$2,426.70"
SH10499,2026-03-03,03/06/2026,03/12/2026,7,harbor express,Truck,Pittsburgh,Chicago,829.0,1590.27
SH10391,01/17/2026,2026-01-18,2026-02-11,24,Northstar Logistics,Ocean,Shanghai,Dallas,563.2,$648.97
SH10563,2026-02-11,2026-02-13,2026-03-11,26,BlueWave Shipping,Ocean,Shanghai,Atlanta,1483.4,1399.51
SH10434,03/22/2026,03/22/2026,2026-03-29,7,Atlas Freight,Truck,Montreal,New York City,578.6,"$1,176.07"
SH10722,05/03/2026,2026-05-03,2026-05-06,4,Harbor Express,Truck,Pittsburgh,Dallas,1896.0,3391.66
SH10269,2026-08-01,2026-08-01,2026-08-04,4,Atlas Freight,Truck,Montreal,Buffalo,304.6,635.08
SH10665,2026-02-21,2026-02-22,03/17/2026,23,BlueWave Shipping,Ocean,Rotterdam,New York City,,"$1,335.11"
SH10872,2026-08-04,2026-08-07,08/31/2026,24,Atlas Freight,Ocean,Rotterdam,Buffalo,542.5,735.15
SH10912,2026-08-05,2026-08-06,2026-08-09,3,Summit Air Cargo,Air,Mexico City,Rochester,76.3,$801.37
SH10990,2026-05-25,2026-05-25,06/21/2026,21,Northstar Logistics,Ocean,Rotterdam,Atlanta,2493.5,2869.51
SH10165,2026-07-28,2026-07-31,2026-08-31,30,Northstar Logistics,Ocean,Rotterdam,New York City,3336.2,"$2,796.17"
SH10961,06/15/2026,2026-06-15,2026-06-22,8,Harbor Express,Truck,Pittsburgh,Dallas,591.4,"$1,012.08"
SH10239,2026-03-07,2026-03-09,2026-03-14,5,Harbour Express,Truck,Toronto,Chicago,1068.9,"$1,877.04"
SH10360,2026-01-21,2026-01-21,2026-01-29,8,atlas freight,Truck,Toronto,New York City,1215.9,2382.40
SH10883,2026-07-25,2026-07-28,2026-08-25,28,BlueWave Shipping,Ocean,Singapore,New York City,438.6,503.08
SH10134,2026-07-17,2026-07-19,08/08/2026,21,Atlas Freight,Ocean,Shanghai,Atlanta,-835.9,$918.84
SH10043,02/22/2026,2026-02-24,02/27/2026,4,Summit Air Cargo,Air,Shanghai,Rochester,207.7,1649.91
SH10771,2026-03-30,2026-03-30,2026-04-21,19,atlas freight,Ocean,Shanghai,Buffalo,302.0,$434.34
SH10463,2026-05-07,2026-05-08,2026-05-14,6,Harbor Express,Truck,Pittsburgh,Rochester,477.5,$919.10
SH10777,2026-08-22,2026-08-22,2026-09-18,28,NorthStar Logistics,Ocean,Rotterdam,Buffalo,861.0,$934.50
SH10549,2026-06-13,2026-06-16,2026-06-22,6,atlas freight,Truck,Pittsburgh,Dallas,720.1,1132.44
SH10655,2026-07-06,2026-07-09,2026-07-12,4,Summit Air Cargo,Air,Mexico City,Buffalo,113.8,991.71
SH10109,2026-07-24,07/26/2026,2026-08-05,4,Harbor Express,Truck,Toronto,Dallas,282.8,516.29
SH10192,2026-02-11,2026-02-14,2026-02-21,7,Atlas Freight,Truck,Pittsburgh,Buffalo,107.5,$335.63
SH10812,2026-07-18,07/20/2026,2026-07-22,2,Summit Air Cargo,Air,Frankfurt,New York City,27.7,302.48
SH10515,2026-07-05,2026-07-06,2026-07-08,2,Summit Air Cargo,Air,Mexico City,New York City,68.2,$528.04
SH10187,05/08/2026,2026-05-10,2026-05-18,8,Harbor Express,Truck,Toronto,Dallas,356.4,$689.15
SH10587,2026-06-08,2026-06-08,2026-06-16,2,Summit Air Cargo,Air,Shanghai,New York City,25.7,233.71
SH10516,2026-04-05,2026-04-08,2026-04-09,2, SUMMIT AIR CARGO,Air,Shanghai,Rochester,234.2,1789.61
SH10218,2026-05-21,2026-05-24,2026-06-01,8,Atlas Freight ,Truck,Montreal,Buffalo,1364.0,"$2,501.25"
SH10480,08/04/2026,2026-08-05,2026-08-18,8,Harbor Express,Truck,Toronto,Buffalo,559.5,"$1,153.93"
SH10716,2026-04-20,2026-04-22,2026-04-28,4,Harbor Express,Truck,Toronto,Atlanta,919.9,1465.16
SH10362,2026-08-23,08/23/2026,09/26/2026,28,BlueWave Shipping,Ocean,Shanghai,Rochester,1686.2,"$1,808.25"
SH10623,2026-03-09,2026-03-09,2026-03-11,3,Summit Air cargo,Air,Frankfurt,Atlanta,22.2,199.25
SH11144,2026-05-15,2026-05-18,2026-06-13,26,atlas freight,Ocean,Singapore,Chicago,1741.0,"$1,531.06"
SH11177,05/04/2026,2026-05-05,05/24/2026,19,NorthStar Logistics,Ocean,Rotterdam,Dallas,2549.5,2098.03
SH10110,2026-07-06,2026-07-07,2026-07-29,18,Atlas Freight,Ocean,Rotterdam,Buffalo,4921.8,"$4,831.08"
SH10770,2026-02-07,2026-02-07,03/09/2026,30,Atlas Freight,Ocean,Shanghai,Atlanta,470.0,555.49
SH10263,2026-01-15,2026-01-18,2026-02-13,26,Atlas Freight,Ocean,Singapore,New York City,3302.9,3546.98
SH10272,2026-07-28,07/28/2026,2026-08-09,8,Atlas Freight,Truck,Montreal,Buffalo,758.1,1527.92
SH10223,2026-08-10,08/11/2026,2026-09-07,25,Atlas Freight,Ocean,Singapore,Atlanta,2315.3,"$2,734.96"
SH11131,2026-05-02,2026-05-04,2026-05-11,8,Harbor Express,Truck,Montreal,Buffalo,1557.6,3001.39
SH10214,2026-06-23,2026-06-26,2026-07-21,26,BlueWave Shipping,Ocean,Rotterdam,Rochester,2583.0,"$2,642.40"
SH10970,2026-03-15,2026-03-18,2026-03-21,4,Harbor Express,Truck,Montreal,Chicago,270.4,$639.61
SH10350,2026-07-27,2026-07-28,2026-08-03,7,Harbour Express,Truck,Montreal,Buffalo,1703.9,"$2,642.87"
SH10523,2026-08-09,08/11/2026,2026-08-16,6,Harbor Express,Truck,Toronto,Rochester,,"$1,547.12"
SH10648,2026-02-23,2026-02-26,03/01/2026,4,atlas freight,Truck,Montreal,Dallas,644.5,1322.43
SH10169,05/07/2026,2026-05-07,05/12/2026,6,Northstar Logistics,Truck,Pittsburgh,Buffalo,464.3,897.64
SH10500,04/16/2026,2026-04-16,04/25/2026,7,northstar logistics ,Truck,Montreal,Atlanta,1461.2,"$2,280.71"
SH10708,2026-05-10,05/11/2026,2026-05-12,2,Summit Air Cargo,Air,Mexico City,Buffalo,179.1,1428.88
SH11171,2026-08-06,2026-08-09,09/05/2026,27,Atlas Freight,Ocean,Singapore,Dallas,512.2,667.22
SH11119,01/18/2026,2026-01-18,2026-02-17,30,BlueWave Shipping,Ocean,Shanghai,Dallas,2376.8,"$2,567.00"
SH10303,2026-07-31,08/01/2026,2026-08-28,28,BlueWave Shipping,Ocean,Shanghai,Atlanta,1889.0,2219.60
SH10715,2026-08-07,08/09/2026,08/29/2026,21,Bluewave Shipping,Ocean,Rotterdam,Buffalo,1215.5,"$1,227.65"
SH10413,03/04/2026,2026-03-04,03/23/2026,19,ATLAS FREIGHT,Ocean,Singapore,Dallas,664.6,$764.51
SH10925,2026-07-29,2026-08-01,08/06/2026,5,Atlas Freight,Truck,Pittsburgh,Atlanta,430.2,$735.75
SH10116,06/24/2026,2026-06-26,2026-07-19,23,BlueWave Shipping,Ocean,Rotterdam,Rochester,1070.1,"$1,193.27"
SH10351,2026-07-31,08/01/2026,2026-08-21,20,BlueWave Shipping,Ocean,Shanghai,Buffalo,1003.8,$993.40
SH10025,2026-07-04,2026-07-06,2026-08-05,27,Northstar Logistics,Ocean,Shanghai,Chicago,693.5,869.98
SH10254,2026-08-15,2026-08-16,1900-01-01,26,Northstar Logistics,Ocean,Singapore,Rochester,712.7,$730.50
SH11117,05/06/2026,2026-05-07,2026-05-13,7,Northstar Logistics,Truck,Montreal,Rochester,22.5,$121.96
SH11014,2026-01-10,2026-01-10,2026-01-17,4,Harbor Express,Truck,Toronto,Atlanta,1060.0,2014.17
SH10402,2026-06-20,2026-06-20,2026-06-22,3,Summit Air Cargo,Air,Shanghai,Chicago,,2035.37
SH10966,05/03/2026,05/03/2026,2026-06-02,30,BlueWave Shipping,Ocean,Singapore,New York City,967.2,"$1,199.07"
SH10881,2026-04-23,2026-04-25,2026-05-02,7,Atlas Freight,Truck,Toronto,Rochester,881.3,1752.04
SH10879,2026-04-10,2026-04-11,2026-04-16,5,Harbor Express,Truck,Toronto,Atlanta,638.9,1047.92
SH10819,02/14/2026,02/16/2026,2026-03-11,23,BlueWave Shipping,Ocean,Rotterdam,New York City,543.2,$654.86
SH10128,2026-08-12,2026-08-13,2026-09-10,29,Northstar Logistics,Ocean,Shanghai,Chicago,1801.4,1981.46
SH11096,2026-06-14,2026-06-16,2026-06-18,3,Summit Air Cargo,Air,Shanghai,Chicago,122.7,893.76
SH10673,2026-04-27,04/27/2026,2026-05-17,21,Bluewave Shipping,Ocean,Singapore,Chicago,1909.8,"$2,263.75"
SH11157,2026-07-30,2026-08-02,2026-08-31,29,BlueWave Shipping,Ocean,Rotterdam,Atlanta,948.1,996.95
SH11038,2026-08-16,2026-08-16,2026-08-20,4,Northstar Logistics,Truck,Pittsburgh,New York City,1853.7,3176.83
SH10752,04/19/2026,2026-04-22,04/25/2026,4,harbor express,Truck,Toronto,Rochester,271.5,652.11
SH10505,02/27/2026,2026-02-27,2026-03-11,7,Harbor Express,Truck,Montreal,Rochester,686.4,"$1,220.50"
SH11000,02/21/2026,2026-02-22,2026-03-14,21,Atlas Freight,Ocean,Shanghai,Buffalo,1804.6,1645.26
SH11050,2026-03-09,2026-03-10,2026-03-31,21,BlueWave Shipping,Ocean,Shanghai,Atlanta,112.0,241.52
SH10727,2026-05-04,2026-05-07,2026-05-09,2, SUMMIT AIR CARGO,Air,Mexico City,New York City,48.4,$402.21
SH10669,01/28/2026,2026-01-28,2026-02-01,4, SUMMIT AIR CARGO,Air,Frankfurt,Dallas,99.4,898.52
SH11111,2026-08-13,2026-08-15,08/22/2026,7,Harbor Express,Truck,Montreal,Buffalo,650.0,1018.85
SH10552,2026-06-19,06/22/2026,2026-06-27,5,Harbor Express,Truck,Toronto,Chicago,502.4,$984.40
SH10903,2026-03-30,2026-04-01,2026-04-22,22,BlueWave Shipping,Ocean,Singapore,Atlanta,3956.1,"$4,464.34"
SH10153,2026-01-23,2026-01-26,2026-02-03,8,Northstar Logistics,Truck,Toronto,New York City,380.1,843.22
SH10598,2026-07-12,07/12/2026,07/19/2026,8,Atlas Freight,Truck,Montreal,Buffalo,1033.1,2020.14
SH10259,2026-04-22,2026-04-22,2026-05-20,28,Northstar Logistics,Ocean,Singapore,Dallas,701.7,$852.79
SH10710,2026-01-12,01/13/2026,2026-01-15,3,Summit Air Cargo,Air,Frankfurt,Atlanta,107.1,734.01
SH10954,2026-01-07,2026-01-07,2026-01-10,4,Atlas Freight,Truck,Pittsburgh,Buffalo,890.4,"$1,751.10"
SH10037,04/01/2026,2026-04-03,2026-04-27,24,BlueWave Shipping,Ocean,Singapore,New York City,1429.9,"$1,439.02"
SH10636,2026-03-14,2026-03-14,2026-04-08,26,BlueWave Shipping,Ocean,Shanghai,Chicago,2999.5,2480.10
SH10036,2026-07-08,2026-07-09,07/11/2026,3,Summit Air Cargo,Air,Shanghai,New York City,,$794.73
SH10947,2026-04-06,2026-04-09,2026-04-14,6,Atlas Freight,Truck,Toronto,New York City,1511.5,2966.62
SH11153,2026-06-30,2026-06-30,07/26/2026,26,BlueWave Shipping,Ocean,Singapore,Dallas,2368.8,"$2,206.70"
SH11164,2026-02-01,2026-02-03,03/01/2026,26,Atlas Freight,Ocean,Singapore,Chicago,242.4,330.67
SH10750,02/27/2026,2026-02-27,2026-03-02,3,Summit Air cargo,Air,Mexico City,Chicago,220.5,1875.36
SH10404,2026-08-20,2026-08-21,2026-08-29,8,Atlas Freight,Truck,Pittsburgh,Chicago,425.5,782.27
SH10837,2026-04-22,04/24/2026,2026-04-26,2,Summit Air Cargo,Air,Frankfurt,New York City,44.8,482.82
SH10856,2026-03-08,2026-03-11,03/16/2026,5,Harbor Express,Truck,Toronto,Buffalo,464.8,1113.85
SH10107,06/27/2026,06/28/2026,2026-07-29,27,Northstar Logistics,Ocean,Singapore,New York City,329.7,508.28
SH10220,2026-05-25,05/28/2026,2026-06-16,20,Atlas Freight,Ocean,Singapore,Buffalo,220.7,310.70
SH10798,2026-01-05,2026-01-07,2026-02-03,28,Atlas Freight,Ocean,Rotterdam,Rochester,779.7,$838.46
SH10670,2026-05-26,2026-05-28,2026-06-21,24,Blue Wave Shipping,Ocean,Rotterdam,Atlanta,1738.5,"$1,850.99"
SH10493,02/16/2026,2026-02-17,2026-03-13,25,BlueWave Shipping,Ocean,Singapore,Rochester,1135.2,1250.79
SH10385,2026-03-27,2026-03-28,2026-04-16,20,BlueWave Shipping,Ocean,Rotterdam,Buffalo,410.3,516.78
SH10465,2026-02-11,2026-02-12,2026-02-18,7,Harbor Express,Truck,Pittsburgh,Rochester,141.3,371.89
SH10584,07/25/2026,2026-07-25,08/16/2026,23,BlueWave Shipping,Ocean,Singapore,New York City,2000.2,2208.39
SH10692,2026-07-23,07/26/2026,2026-08-13,18,Atlas Freight,Ocean,Shanghai,Dallas,1748.9,1557.95
SH11073,2026-02-17,2026-02-19,2026-02-22,4,Summit Air Cargo,Air,Frankfurt,Atlanta,59.1,$554.25
SH10335,02/11/2026,2026-02-11,2026-02-18,8,Northstar Logistics,Truck,Montreal,Atlanta,304.7,686.00
SH10482,03/02/2026,2026-03-03,2026-03-10,7,Harbor Express,Truck,Toronto,Rochester,1434.4,"$2,549.63"
SH10996,2026-04-30,05/03/2026,2026-05-23,21,Northstar Logistics,Ocean,Shanghai,Buffalo,1503.8,1849.90
SH10741,2026-03-27,2026-03-29,04/20/2026,23,Bluewave Shipping,Ocean,Singapore,Rochester,962.6,"$1,187.17"
SH10866,2026-01-07,01/10/2026,2026-01-27,18,BlueWave Shipping,Ocean,Singapore,Dallas,1377.8,"$1,168.06"
SH11125,2026-04-11,04/13/2026,05/04/2026,21,atlas freight,Ocean,Rotterdam,New York City,39.3,95.82
SH10829,08/21/2026,2026-08-23,2026-09-19,28,Atlas Freight,Ocean,Shanghai,Rochester,1113.8,"$1,335.88"
SH10960,06/13/2026,2026-06-15,2026-07-04,20,Northstar Logistics,Ocean,Singapore,Atlanta,2155.2,2367.41
SH10937,2026-04-22,2026-04-23,2026-04-27,5,Harbor Express,Truck,Toronto,Dallas,,"$1,003.05"
SH11126,2026-01-30,2026-01-30,2026-02-04,6,Northstar Logistics,Truck,Toronto,Rochester,665.0,"$1,357.15"
SH10804,2026-04-22,2026-04-22,2026-05-12,20,BlueWave Shipping,Ocean,Singapore,Buffalo,,"$1,866.73"
SH10098,2026-02-09,2026-02-10,2026-02-15,6,harbor express,Truck,Montreal,New York City,447.8,1042.07
SH10142,2026-01-29,2026-01-30,02/04/2026,5,Atlas Freight,Truck,Toronto,Chicago,908.1,"$1,833.06"
SH10411,2026-03-14,2026-03-15,03/19/2026,5,Harbor Express,Truck,Montreal,Dallas,261.9,427.39
SH10998,2026-07-08,2026-07-11,07/28/2026,18,BlueWave Shipping,Ocean,Singapore,New York City,1619.6,1496.88
SH10550,04/11/2026,2026-04-13,04/16/2026,4,Harbor Express,Truck,Montreal,Dallas,1417.4,"$2,549.26"
SH11132,2026-08-02,2026-08-02,2026-09-03,30,Northstar Logistics,Ocean,Singapore,Dallas,3261.5,"$3,269.50"
SH10795,02/02/2026,2026-02-05,2026-02-07,3,Summit Air Cargo,Air,Shanghai,Dallas,34.6,$349.60
SH10331,08/14/2026,08/15/2026,2026-08-21,6,NorthStar Logistics,Truck,Montreal,Dallas,671.4,"$1,477.40"
SH10429,2026-07-29,08/01/2026,08/30/2026,29,BlueWave Shipping,Ocean,Rotterdam,New York City,1054.3,"$1,118.30"
SH10459,2026-03-13,2026-03-14,2026-04-07,25,BlueWave Shipping,Ocean,Shanghai,Atlanta,2007.6,1701.67
SH10693,2026-07-30,2026-07-31,08/06/2026,7,harbor express,Truck,Toronto,Buffalo,526.0,1007.77
SH10060,2026-01-20,2026-01-22,01/27/2026,5,Harbor Express,Truck,Montreal,Atlanta,507.9,"$1,075.01"
SH10735,2026-02-04,2026-02-05,2026-02-27,23,BlueWave Shipping,Ocean,Rotterdam,Chicago,1409.8,"$1,369.00"
SH10905,08/11/2026,2026-08-12,2026-08-20,8,Northstar Logistics,Truck,Toronto,Rochester,,1126.98
SH11114,2026-04-18,04/21/2026,2026-05-03,7,Harbor Express,Truck,Toronto,Atlanta,559.4,1030.76
SH10927,2026-08-15,08/15/2026,2026-09-12,29,BlueWave Shipping,Ocean,Rotterdam,Atlanta,1476.9,"$1,539.47"
SH10120,2026-06-09,2026-06-10,06/17/2026,7,Harbor Express,Truck,Pittsburgh,Atlanta,210.7,$570.58
SH10456,01/07/2026,2026-01-08,2026-01-12,5,Northstar Logistics,Truck,Pittsburgh,Chicago,256.4,$623.86
SH11023,04/03/2026,04/04/2026,05/03/2026,30,BlueWave Shipping,Ocean,Singapore,Dallas,825.9,807.41
SH10564,2026-05-09,2026-05-12,2026-06-01,21,BlueWave Shipping,Ocean,Rotterdam,Dallas,1579.4,"$1,495.56"
SH10119,02/18/2026,2026-02-20,2026-03-17,23,BlueWave Shipping,Ocean,Singapore,Buffalo,802.2,$809.64
SH10288,2026-07-20,2026-07-21,2026-08-12,22,Bluewave Shipping,Ocean,Singapore,New York City,499.3,$495.11
SH10132,2026-04-30,2026-04-30,05/01/2026,2,Summit Air Cargo,Air,Shanghai,Buffalo,108.1,$697.29
SH10845,2026-04-27,2026-04-27,2026-04-30,4,Harbor Express,Truck,Pittsburgh,Dallas,237.3,$407.30
SH10868,2026-08-09,2026-08-12,2026-08-19,8,harbor express,Truck,Montreal,New York City,408.8,883.18
SH11099,2026-07-08,2026-07-08,2026-07-14,7,Harbor Express,Truck,Pittsburgh,Dallas,1798.2,3687.20
SH10126,2026-03-13,03/13/2026,2026-04-05,23,Blue Wave Shipping,Ocean,Singapore,Buffalo,1029.7,$901.01
SH10508,2026-03-15,03/16/2026,2026-04-09,22,BlueWave Shipping,Ocean,Singapore,New York City,1683.1,2006.31
SH10695,2026-08-01,08/01/2026,2026-08-12,5,harbor express,Truck,Toronto,Atlanta,239.0,466.00
SH10896,2026-03-06,2026-03-08,2026-03-30,21,BlueWave Shipping,Ocean,Shanghai,Buffalo,1477.2,"$1,307.19"
SH10975,2026-01-13,2026-01-16,2026-02-08,23,Northstar Logistics,Ocean,Singapore,Buffalo,2745.2,2394.75
SH10294,2026-01-14,01/16/2026,2026-02-09,24,BlueWave Shipping,Ocean,Rotterdam,Atlanta,1765.5,1494.29
SH11013,2026-07-14,07/15/2026,2026-08-02,18,BlueWave Shipping,Ocean,Singapore,Atlanta,1542.5,"$1,399.14"
SH10073,08/10/2026,2026-08-11,2026-08-12,2,Summit Air Cargo,Air,Mexico City,Atlanta,,$851.40
SH10621,2026-06-05,2026-06-08,07/06/2026,28,Blue Wave Shipping,Ocean,Singapore,Rochester,3354.1,"$3,249.40"
SH10594,2026-08-21,2026-08-23,2026-09-11,19,Atlas Freight,Ocean,Singapore,Rochester,3448.9,"$3,401.04"
SH10354,04/06/2026,2026-04-09,05/10/2026,29,Northstar Logistics,Ocean,Shanghai,Rochester,963.5,1191.48
SH10312,2026-03-29,2026-03-31,2026-04-02,2,Summit Air Cargo,Air,Frankfurt,Dallas,75.4,640.92
SH10492,05/10/2026,2026-05-11,2026-06-15,30,Atlas Freight,Ocean,Shanghai,Buffalo,172.6,296.55
SH10447,2026-06-11,06/11/2026,2026-07-04,24,Blue Wave Shipping,Ocean,Singapore,Dallas,1428.2,1640.81
SH10743,2026-03-05,2026-03-06,2026-03-11,6,Harbor Express,Truck,Pittsburgh,Dallas,131.3,$354.49
SH11175,2026-05-02,2026-05-04,05/26/2026,21,Atlas Freight,Ocean,Rotterdam,Chicago,2994.5,3304.94
SH10496,01/11/2026,01/14/2026,2026-02-06,24,atlas freight,Ocean,Shanghai,Buffalo,2310.1,1914.66
SH10390,2026-07-30,08/02/2026,2026-08-19,18,Northstar Logistics,Ocean,Singapore,Buffalo,1216.5,1217.33
SH11187,2026-05-20,2026-05-21,2026-05-23,3,Summit Air Cargo,Air,Mexico City,Atlanta,117.6,$775.78
SH10672,2026-06-21,2026-06-24,06/28/2026,4,NorthStar Logistics,Truck,Montreal,Buffalo,1064.4,2176.45
SH10790,2026-04-17,2026-04-19,2026-04-23,5,Harbor Express,Truck,Montreal,Buffalo,1753.5,"$3,377.54"
SH10522,2026-08-25,2026-08-28,2026-09-04,7,Harbour Express,Truck,Toronto,Buffalo,537.7,935.56
SH10421,2026-03-16,2026-03-17,2026-03-20,3,Summit Air Cargo,Air,Shanghai,Atlanta,73.6,553.22
SH10130,2026-05-06,2026-05-06,2026-05-24,18,Atlas Freight,Ocean,Shanghai,Buffalo,2151.1,2011.28
SH10084,2026-01-17,2026-01-17,2026-02-10,18,BlueWave Shipping,Ocean,Shanghai,Chicago,635.8,701.40
SH10346,2026-04-07,2026-04-08,04/18/2026,5,Northstar Logistics,Truck,Pittsburgh,Dallas,61.0,166.42
SH10164,2026-02-19,2026-02-22,2026-02-27,6,Harbor Express,Truck,Toronto,New York City,1757.6,"$2,648.40"
SH10941,2026-08-10,2026-08-11,2026-08-17,7,Northstar Logistics,Truck,Pittsburgh,New York City,820.0,"$1,728.85"
SH10512,01/14/2026,2026-01-17,2026-02-04,18,Atlas Freight,Ocean,Rotterdam,New York City,913.7,$951.49
SH10536,03/25/2026,2026-03-27,2026-04-02,7,Atlas Freight,Truck,Toronto,New York City,840.7,1763.52
SH10931,2026-08-23,2026-08-23,,2,Summit Air Cargo,Air,Mexico City,Rochester,72.4,$624.63
SH10553,2026-06-14,06/16/2026,2026-06-25,4,Atlas Freight,Truck,Pittsburgh,Buffalo,1223.3,1773.00
SH10124,07/15/2026,07/16/2026,2026-07-23,7,Northstar Logistics,Truck,Pittsburgh,Dallas,314.1,789.40
SH10895,2026-07-13,2026-07-15,07/21/2026,6,Northstar Logistics,Truck,Montreal,New York City,188.2,420.78
SH10317,08/15/2026,2026-08-17,08/23/2026,6,Atlas Freight,Truck,Toronto,Dallas,579.7,1230.33
SH10295,2026-02-11,2026-02-13,2026-03-12,25,BlueWave Shipping,Ocean,Singapore,New York City,1263.6,1211.21
SH10357,02/11/2026,2026-02-14,2026-03-04,19,Northstar Logistics,Ocean,Singapore,New York City,,1537.24
SH10567,2026-04-16,2026-04-19,04/21/2026,2,Summit Air Cargo,Air,Frankfurt,Chicago,11.0,155.03
SH10163,04/28/2026,2026-04-29,2026-05-29,27,northstar logistics ,Ocean,Rotterdam,Atlanta,1316.7,1256.32
SH10219,2026-08-02,2026-08-02,2026-08-29,26,Northstar Logistics,Ocean,Singapore,Chicago,1270.0,"$1,295.28"
SH10714,2026-03-06,2026-03-09,03/28/2026,19,Atlas Freight,Ocean,Rotterdam,Rochester,718.4,$822.49
SH10040,2026-08-18,2026-08-21,2026-08-25,4,Harbor Express,Truck,Toronto,Atlanta,433.2,975.40
SH10810,2026-06-02,2026-06-04,,30,BlueWave Shipping,Ocean,Singapore,Chicago,6156.0,5209.95
SH10221,2026-06-21,2026-06-22,2026-06-28,6,Atlas Freight,Truck,Toronto,Atlanta,74.5,$296.92
SH10582,2026-07-19,07/20/2026,2026-08-19,30,Northstar Logistics,Ocean,Rotterdam,Buffalo,1930.2,1820.06
SH10969,2026-07-14,2026-07-14,08/11/2026,28,BlueWave Shipping,Ocean,Rotterdam,Dallas,2488.6,"$2,563.15"
SH10253,04/19/2026,04/20/2026,04/27/2026,6,harbor express,Truck,Pittsburgh,Buffalo,1012.7,"$1,878.27"
SH10572,2026-05-29,2026-05-30,2026-06-24,25,BlueWave Shipping,Ocean,Rotterdam,Atlanta,954.9,844.36
SH10811,2026-07-04,2026-07-07,2026-08-05,24,Northstar Logistics,Ocean,Singapore,New York City,1145.6,"$1,099.96"
SH10356,2026-06-05,2026-06-06,06/13/2026,7,Northstar Logistics,Truck,Toronto,New York City,951.0,1605.35
SH10763,2026-06-04,2026-06-06,2026-06-11,6,northstar logistics ,Truck,Montreal,Buffalo,723.8,"$1,452.84"
SH10942,01/12/2026,2026-01-15,01/17/2026,2,Summit Air Cargo,Air,Shanghai,Chicago,211.8,1316.34
SH10222,2026-04-26,04/28/2026,2026-05-05,8,Atlas Freight,Truck,Toronto,Rochester,58.1,205.56
SH10011,2026-08-04,2026-08-06,2026-08-09,4,Harbor Express,Truck,Montreal,Chicago,947.0,1665.48
SH10783,2026-08-17,2026-08-18,2026-08-22,5,Northstar Logistics,Truck,Pittsburgh,Rochester,149.8,$313.75
SH10405,2026-05-24,2026-05-27,2026-06-23,27,Bluewave Shipping,Ocean,Shanghai,Rochester,649.3,806.78
SH10408,2026-02-17,2026-02-18,2026-02-21,4,Summit Air Cargo,Air,Shanghai,Atlanta,239.7,"$1,800.88"
SH10595,2026-04-02,2026-04-02,05/01/2026,23,Blue Wave Shipping,Ocean,Rotterdam,Dallas,1618.9,1841.34
SH10412,03/19/2026,2026-03-22,2026-03-30,8,Harbor Express,Truck,Pittsburgh,Atlanta,521.5,877.82
SH10446,2026-01-13,2026-01-14,2026-01-19,5,Harbor Express,Truck,Montreal,Buffalo,616.9,1067.12
SH10705,2026-06-26,2026-06-27,2026-07-03,7,Harbor Express,Truck,Montreal,Atlanta,194.7,500.74
SH10372,2026-03-12,03/15/2026,2026-03-26,5,Northstar Logistics,Truck,Montreal,Atlanta,687.2,1494.76
SH10575,2026-03-22,2026-03-24,04/25/2026,26,BlueWave Shipping,Ocean,Singapore,Buffalo,3452.5,"$3,430.79"
SH10010,2026-06-10,06/11/2026,07/11/2026,30,Northstar Logistics,Ocean,Singapore,New York City,2095.8,1683.93
SH10985,2026-06-15,06/16/2026,2026-07-12,26,Atlas Freight,Ocean,Rotterdam,Rochester,2047.5,2345.52
SH10327,2026-03-19,2026-03-22,04/14/2026,23,BlueWave Shipping,Ocean,Singapore,Buffalo,3959.5,"$4,517.39"
SH11019,2026-06-24,2026-06-27,2026-07-28,27,BlueWave Shipping,Ocean,Singapore,Chicago,-1566.0,1634.36
SH10601,05/26/2026,2026-05-27,2026-05-31,4,Summit Air Cargo,Air,Mexico City,Dallas,77.0,693.48
SH10133,2026-01-05,2026-01-05,2026-01-13,5,NorthStar Logistics,Truck,Toronto,Buffalo,552.1,1154.80
SH11180,2026-05-15,2026-05-17,2026-06-13,27,atlas freight,Ocean,Shanghai,Atlanta,3103.8,3238.92
SH10189,2026-05-11,2026-05-14,2026-06-11,29,BlueWave Shipping,Ocean,Rotterdam,Dallas,1860.4,"$1,664.06"
SH11147,03/30/2026,2026-04-01,2026-04-08,7,Northstar Logistics,Truck,Pittsburgh,New York City,153.1,384.81
SH11072,2026-07-22,07/23/2026,2026-07-28,6,Harbor Express,Truck,Toronto,Atlanta,1334.0,2520.62
SH10300,2026-08-05,2026-08-06,09/03/2026,29,Northstar Logistics,Ocean,Singapore,Chicago,3632.9,"$4,133.53"
SH10697,2026-04-03,2026-04-04,2026-05-01,27,Atlas Freight,Ocean,Rotterdam,Dallas,2052.5,"$1,806.24"
SH10608,2026-01-14,2026-01-14,2026-01-19,6,Atlas Freight,Truck,Montreal,Buffalo,1006.6,"$1,569.82"
SH10224,02/20/2026,02/23/2026,2026-03-02,8,harbor express,Truck,Montreal,New York City,339.4,$656.03
SH10865,2026-08-13,08/13/2026,2026-08-16,4,Summit Air Cargo,Air,Shanghai,Rochester,106.2,"$1,003.95"
SH10828,2026-08-17,2026-08-19,08/27/2026,8,Northstar Logistics,Truck,Pittsburgh,Buffalo,544.3,"$1,145.74"
SH10739,2026-06-22,06/24/2026,06/29/2026,5,Harbor Express,Truck,Pittsburgh,Dallas,250.1,$540.47
SH10481,01/29/2026,01/29/2026,2026-02-01,4,Summit Air Cargo,Air,Mexico City,Rochester,262.4,1638.67
SH10033,2026-01-15,01/16/2026,2026-01-21,3,Summit Air Cargo,Air,Shanghai,New York City,514.7,3720.59
SH10326,2026-03-03,2026-03-06,2026-03-13,7,Northstar Logistics,Truck,Montreal,New York City,960.3,1510.60
SH11091,01/21/2026,01/21/2026,2026-01-25,4,Harbor Express,Truck,Toronto,Chicago,240.1,$557.86
SH10257,2026-02-18,2026-02-18,02/22/2026,5,Harbor Express,Truck,Pittsburgh,Buffalo,577.8,"$1,031.15"
SH10834,2026-07-18,07/21/2026,2026-08-09,19,BlueWave Shipping,Ocean,Rotterdam,Chicago,1737.4,"$1,820.72"
SH10251,2026-02-01,2026-02-02,03/08/2026,30,Atlas Freight,Ocean,Rotterdam,Chicago,809.7,966.08
SH10591,2026-07-31,2026-08-01,2026-08-26,19,BlueWave Shipping,Ocean,Shanghai,Rochester,581.3,676.92
SH11156,2026-03-22,03/22/2026,2026-04-10,20,Atlas Freight ,Ocean,Shanghai,Rochester,1515.4,"$1,375.70"
SH11121,2026-02-20,2026-02-20,2026-03-11,20,Bluewave Shipping,Ocean,Rotterdam,Atlanta,1466.2,"$1,761.34"
SH10237,2026-08-21,08/22/2026,09/20/2026,30,northstar logistics ,Ocean,Rotterdam,Rochester,1420.4,"$1,407.74"
SH10403,2026-05-09,05/11/2026,2026-05-14,4, SUMMIT AIR CARGO,Air,Shanghai,Dallas,335.5,"$2,311.83"
SH11041,2026-07-15,2026-07-18,2026-08-16,26,Northstar Logistics,Ocean,Rotterdam,New York City,324.8,$542.79
SH10262,2026-02-20,2026-02-21,2026-02-25,4,harbor express,Truck,Pittsburgh,Buffalo,1524.4,2764.96
SH10940,2026-08-09,08/09/2026,2026-08-28,19,BlueWave Shipping,Ocean,Shanghai,Rochester,1658.6,1558.47
SH10433,2026-08-12,2026-08-13,2026-09-03,21,NorthStar Logistics,Ocean,Rotterdam,Atlanta,1315.6,"$1,530.39"
SH10426,05/06/2026,05/08/2026,2026-06-01,25,Atlas Freight ,Ocean,Rotterdam,Atlanta,1214.1,"$1,472.45"
SH10570,2026-06-06,2026-06-07,2026-06-14,5,Harbour Express,Truck,Pittsburgh,Rochester,1073.3,1833.26
SH10652,2026-05-23,2026-05-23,2026-05-31,8,Harbor Express,Truck,Montreal,Atlanta,965.6,1516.11
SH10935,2026-08-18,2026-08-21,2026-08-22,2, SUMMIT AIR CARGO,Air,Frankfurt,New York City,93.2,800.93
SH10437,2026-02-08,2026-02-10,2026-02-19,5,NorthStar Logistics,Truck,Pittsburgh,New York City,3479.7,6261.15
SH10597,05/16/2026,2026-05-19,2026-05-25,5,Northstar Logistics,Truck,Montreal,Rochester,308.4,577.37
SH10198,2026-03-27,03/30/2026,2026-04-04,6,Northstar Logistics,Truck,Montreal,Rochester,803.1,1635.64
SH10826,2026-05-08,05/11/2026,05/16/2026,4,Northstar Logistics,Truck,Pittsburgh,Dallas,1007.4,1485.29
SH10022,2026-07-05,2026-07-06,2026-07-23,18,BlueWave Shipping,Ocean,Singapore,Rochester,3187.5,"$3,384.75"
SH10643,2026-03-11,03/12/2026,2026-04-03,23,Atlas Freight,Ocean,Singapore,Buffalo,1223.3,1081.56
SH10205,2026-06-15,2026-06-17,2026-07-16,30,Bluewave Shipping,Ocean,Rotterdam,Dallas,924.5,$892.13
SH10006,2026-07-13,2026-07-16,2026-07-22,3,Summit Air Cargo,Air,Mexico City,Atlanta,117.9,774.22
SH10079,2026-05-15,05/15/2026,2026-06-03,20,BlueWave Shipping,Ocean,Singapore,Chicago,699.9,$734.98
SH10185,2026-07-21,2026-07-21,2026-07-28,8,Harbor Express,Truck,Montreal,Atlanta,682.0,"$1,417.21"
SH10711,2026-05-11,05/12/2026,2026-05-31,20,Bluewave Shipping,Ocean,Shanghai,Dallas,560.2,614.40
SH10478,2026-05-15,2026-05-18,2026-05-25,7,Northstar Logistics,Truck,Montreal,New York City,707.7,1360.29
SH10055,2026-02-05,02/08/2026,02/16/2026,8,Atlas Freight,Truck,Toronto,New York City,1391.2,2581.23
SH10967,2026-06-08,06/09/2026,06/14/2026,6,Harbor Express,Truck,Pittsburgh,New York City,805.9,"$1,422.50"
SH10981,2026-05-24,05/25/2026,2026-05-31,6,Atlas Freight,Truck,Toronto,Rochester,562.7,961.67
SH10430,2026-04-28,04/29/2026,2026-05-21,22,BlueWave Shipping,Ocean,Shanghai,Rochester,2141.3,"$1,963.57"
SH10021,2026-03-16,2026-03-17,2026-04-04,18,Atlas Freight,Ocean,Rotterdam,New York City,451.2,$650.38
SH10760,2026-08-13,08/16/2026,2026-08-20,4,Atlas Freight,Truck,Montreal,Dallas,380.0,907.80
SH10689,2026-02-09,2026-02-11,2026-02-15,4,Summit Air Cargo,Air,Shanghai,Buffalo,186.8,1329.50
SH10532,2026-02-19,2026-02-19,02/26/2026,8,harbor express,Truck,Toronto,Chicago,817.4,1723.80
SH10588,2026-05-31,05/31/2026,06/03/2026,4,Summit Air Cargo,Air,Mexico City,New York City,51.1,501.57
SH10602,03/06/2026,2026-03-06,2026-03-08,3,Summit Air Cargo,Air,Mexico City,Chicago,209.0,1776.56
SH11170,2026-03-25,2026-03-25,2026-04-21,27,BlueWave Shipping,Ocean,Shanghai,Atlanta,2583.8,2394.02
SH10781,2026-02-02,2026-02-03,2026-03-01,26,Northstar Logistics,Ocean,Singapore,Dallas,810.1,725.45
SH10143,03/08/2026,2026-03-11,2026-04-06,22,BlueWave Shipping,Ocean,Shanghai,Buffalo,1000.5,1165.20
SH10816,02/05/2026,2026-02-06,2026-02-12,6,Harbour Express,Truck,Montreal,Buffalo,2011.0,"$3,435.05"
SH11002,2026-06-30,2026-06-30,2026-07-29,24,Northstar Logistics,Ocean,Shanghai,Chicago,812.4,"$1,034.85"
SH10266,2026-03-14,2026-03-15,2026-04-02,19,Northstar Logistics,Ocean,Rotterdam,Buffalo,13.7,$147.50
SH10844,2026-03-28,2026-03-30,2026-04-05,6,NorthStar Logistics,Truck,Montreal,Chicago,705.4,"$1,055.51"
SH10932,2026-08-21,2026-08-22,08/26/2026,5,Harbor Express,Truck,Toronto,Rochester,246.7,498.67
SH10283,2026-01-13,2026-01-15,02/14/2026,29,Northstar Logistics,Ocean,Rotterdam,Dallas,1196.9,1008.79
SH10106,2026-02-26,2026-02-28,2026-03-02,2,Summit Air Cargo,Air,Mexico City,New York City,48.4,376.20
SH11080,2026-07-30,07/31/2026,,3,Summit Air Cargo,Air,Mexico City,Chicago,83.0,$754.47
SH11053,2026-01-16,2026-01-19,2026-02-15,22,Atlas Freight,Ocean,Rotterdam,Atlanta,3965.5,"$4,258.06"
SH10764,2026-05-24,05/24/2026,05/26/2026,3,Summit Air cargo,Air,Frankfurt,New York City,34.9,461.21
SH10438,2026-02-04,2026-02-05,2026-02-09,5,Northstar Logistics,Truck,Montreal,Rochester,347.0,$720.75
SH10450,2026-07-09,2026-07-11,07/17/2026,6,Harbour Express,Truck,Montreal,New York City,622.3,1133.84
SH10146,07/13/2026,07/14/2026,2026-07-22,3,Summit Air Cargo,Air,Mexico City,Buffalo,50.3,398.88
SH10329,01/13/2026,2026-01-16,01/17/2026,2,Summit Air Cargo,Air,Shanghai,Rochester,12.9,147.42
SH10045,2026-06-07,2026-06-10,2026-06-15,5,Northstar Logistics,Truck,Toronto,New York City,1214.2,"$1,920.96"
SH10057,2026-05-13,2026-05-15,06/10/2026,27,Northstar Logistics,Ocean,Rotterdam,Chicago,1725.8,"$1,941.83"
SH10091,2026-03-20,2026-03-22,2026-03-23,2,Summit Air Cargo,Air,Mexico City,Buffalo,138.3,"$1,010.63"
SH10946,2026-07-05,2026-07-08,2026-08-03,27,Northstar Logistics,Ocean,Shanghai,Chicago,618.9,714.63
SH10849,2026-04-30,04/30/2026,2026-05-06,7,Northstar Logistics,Truck,Montreal,Atlanta,192.6,$525.16
SH10520,2026-06-14,06/15/2026,2026-06-23,8,Atlas Freight,Truck,Toronto,Rochester,282.9,650.02
SH10979,2026-06-01,06/03/2026,2026-07-01,22,Atlas Freight,Ocean,Rotterdam,Rochester,967.9,"$1,200.43"
SH10638,2026-08-23,08/25/2026,2026-08-28,4,Atlas Freight,Truck,Pittsburgh,Atlanta,134.4,350.53
SH10645,01/16/2026,2026-01-16,01/21/2026,6,Harbor Express,Truck,Pittsburgh,Rochester,759.0,1519.39
SH11148,2026-03-20,2026-03-22,2026-04-08,18,Atlas Freight,Ocean,Singapore,New York City,1044.6,$916.26
SH11137,2026-02-19,2026-02-21,2026-02-26,6,Harbor Express,Truck,Toronto,Buffalo,588.1,"$1,045.06"
SH10273,2026-07-03,2026-07-03,2026-07-07,5,Atlas Freight,Truck,Pittsburgh,New York City,1197.1,1821.93
SH10104,2026-03-06,2026-03-06,2026-03-12,6,Atlas Freight,Truck,Toronto,Rochester,269.9,$604.10
SH10861,2026-02-24,02/25/2026,2026-03-01,4,Harbor Express,Truck,Toronto,Rochester,981.1,"$2,064.17"
SH11113,2026-08-24,2026-08-27,09/21/2026,26,BlueWave Shipping,Ocean,Shanghai,Dallas,2894.8,3395.27
SH10916,2026-03-30,03/30/2026,2026-04-03,4,Harbor Express,Truck,Montreal,Rochester,1324.4,2502.54
SH10078,2026-06-18,2026-06-20,2026-06-23,4, SUMMIT AIR CARGO,Air,Shanghai,Buffalo,113.3,842.52
SH10551,01/11/2026,2026-01-11,2026-01-17,6,harbor express,Truck,Toronto,New York City,1393.6,"$2,510.29"
SH10173,06/29/2026,06/30/2026,2026-07-07,6,northstar logistics ,Truck,Montreal,Buffalo,1432.7,"$2,817.87"
SH11185,2026-07-06,2026-07-08,2026-07-15,8,Harbor Express,Truck,Pittsburgh,Buffalo,633.5,"$1,019.89"
SH11032,2026-02-24,02/24/2026,2026-02-26,2, SUMMIT AIR CARGO,Air,Frankfurt,New York City,34.2,276.14
SH10470,01/27/2026,2026-01-30,02/02/2026,4, SUMMIT AIR CARGO,Air,Mexico City,Atlanta,301.6,2171.23
SH10176,03/02/2026,2026-03-05,2026-03-11,6,Atlas Freight,Truck,Montreal,Rochester,231.7,554.66
SH10803,2026-03-25,03/28/2026,2026-04-04,4,Summit Air Cargo,Air,Frankfurt,Rochester,329.0,2526.28
SH10534,2026-01-29,01/30/2026,02/05/2026,6,Atlas Freight ,Truck,Toronto,Dallas,1164.6,2327.01
SH10298,06/10/2026,2026-06-12,2026-06-23,8,northstar logistics ,Truck,Pittsburgh,Chicago,643.4,"$1,076.51"
SH10265,2026-02-08,2026-02-09,2026-02-20,5,Harbor Express,Truck,Toronto,Buffalo,1032.8,"$1,920.54"
SH11063,2026-01-29,01/30/2026,2026-02-04,6,Harbor Express,Truck,Pittsburgh,Buffalo,1735.9,"$3,589.55"
SH10863,2026-06-12,06/12/2026,2026-06-30,19,Blue Wave Shipping,Ocean,Singapore,Buffalo,1593.8,1473.60
SH10051,2026-05-13,2026-05-15,06/12/2026,27,Northstar Logistics,Ocean,Singapore,Chicago,722.2,822.43
SH10048,2026-06-13,2026-06-16,06/21/2026,4,Harbour Express,Truck,Pittsburgh,Rochester,979.6,1588.44
SH10392,2026-06-08,2026-06-08,2026-06-13,5,Northstar Logistics,Truck,Montreal,Atlanta,,1261.06
SH10791,03/11/2026,2026-03-13,03/16/2026,4,Harbor Express,Truck,Toronto,Rochester,658.7,"$1,199.25"
SH10409,2026-02-28,03/01/2026,2026-03-02,2,Summit Air Cargo,Air,Mexico City,Buffalo,42.8,452.55
SH10401,2026-05-28,2026-05-30,06/17/2026,18,BlueWave Shipping,Ocean,Shanghai,Chicago,3107.6,3104.32
SH10823,2026-02-04,2026-02-05,02/14/2026,3, SUMMIT AIR CARGO,Air,Frankfurt,Dallas,226.7,1574.72
SH10609,2026-05-10,2026-05-10,05/29/2026,19,BlueWave Shipping,Ocean,Singapore,Rochester,1010.0,1033.39
SH11070,2026-05-19,2026-05-22,2026-06-16,25,Atlas Freight,Ocean,Rotterdam,New York City,3437.8,3121.02
SH10473,07/07/2026,2026-07-09,2026-07-16,7,Harbour Express,Truck,Pittsburgh,Atlanta,369.0,$675.17
SH10174,2026-02-10,02/11/2026,2026-03-11,28,Atlas Freight,Ocean,Singapore,Rochester,2085.9,"$2,422.73"
SH10787,2026-08-13,2026-08-15,2026-09-10,27,Atlas Freight,Ocean,Rotterdam,Rochester,,"$1,174.48"
SH10137,2026-07-29,2026-08-01,08/20/2026,20,BlueWave Shipping,Ocean,Shanghai,Atlanta,74.3,211.16
SH10561,02/07/2026,2026-02-09,2026-03-09,29,Atlas Freight,Ocean,Shanghai,Rochester,430.1,500.24
SH11065,2026-01-16,01/18/2026,02/12/2026,25,Atlas Freight,Ocean,Rotterdam,Atlanta,2033.8,2153.07
SH10593,01/10/2026,2026-01-12,2026-01-13,2,Summit Air Cargo,Air,Shanghai,Atlanta,130.4,1078.98
SH10118,2026-08-15,2026-08-17,2026-08-22,5,Atlas Freight,Truck,Pittsburgh,Dallas,1602.2,2913.05
SH10113,2026-04-02,2026-04-03,2026-04-07,4,Summit Air Cargo,Air,Mexico City,Chicago,139.2,$950.15
SH10565,06/02/2026,2026-06-04,2026-06-12,8,Harbor Express,Truck,Montreal,Atlanta,178.2,507.81
SH10537,2026-07-24,2026-07-25,2026-08-01,7,Harbour Express,Truck,Montreal,Dallas,1171.9,"$2,081.40"
SH10127,02/06/2026,2026-02-08,2026-02-09,2,Summit Air Cargo,Air,Shanghai,New York City,36.1,372.07
SH10275,2026-04-24,2026-04-27,2026-05-03,7,Harbor Express,Truck,Pittsburgh,Chicago,222.8,476.88
SH10186,2026-01-25,2026-01-25,2026-01-29,4,Summit Air Cargo,Air,Frankfurt,New York City,,197.84
SH10507,2026-08-18,2026-08-19,09/05/2026,18,BlueWave Shipping,Ocean,Singapore,New York City,2118.0,"$2,040.29"
SH10898,2026-02-20,2026-02-21,2026-02-26,5,Harbor Express,Truck,Pittsburgh,New York City,780.9,"$1,424.16"
SH10369,2026-05-11,2026-05-14,05/16/2026,2, SUMMIT AIR CARGO,Air,Shanghai,Rochester,91.4,$709.19
SH10112,03/21/2026,03/24/2026,2026-04-10,18,Atlas Freight,Ocean,Shanghai,Atlanta,3371.5,3302.85
SH10384,2026-01-10,2026-01-11,01/13/2026,2,Summit Air Cargo,Air,Mexico City,Dallas,9.4,$187.73
SH10191,2026-03-04,03/07/2026,2026-03-14,8,Harbor Express,Truck,Pittsburgh,Chicago,1871.4,3679.88
SH10934,2026-05-24,05/24/2026,2026-05-28,5,Harbor Express,Truck,Toronto,New York City,253.1,$581.29
SH11005,02/11/2026,2026-02-11,2026-02-16,6,Atlas Freight,Truck,Toronto,Buffalo,580.5,"$1,035.72"
SH10246,2026-01-27,2026-01-30,2026-02-22,24,Atlas Freight,Ocean,Singapore,Atlanta,1818.4,"$1,875.79"
SH10882,2026-01-11,01/13/2026,01/17/2026,4,Harbor Express,Truck,Toronto,Chicago,2006.4,3370.29
SH11189,2026-05-04,2026-05-07,2026-05-14,7,Northstar Logistics,Truck,Pittsburgh,Buffalo,632.5,1180.41
SH10910,2026-03-13,2026-03-14,2026-03-17,4,Harbor Express,Truck,Pittsburgh,Atlanta,1524.2,"$2,401.86"
SH11146,06/08/2026,06/11/2026,2026-06-12,2,Summit Air Cargo,Air,Shanghai,Rochester,186.2,"$1,458.44"
SH10785,2026-06-17,2026-06-17,2026-07-11,24,BlueWave Shipping,Ocean,Rotterdam,Buffalo,1153.0,"$1,299.79"
SH10428,2026-07-10,2026-07-11,2026-07-16,4,Summit Air Cargo,Air,Mexico City,Rochester,166.7,"$1,418.85"
SH10948,2026-04-12,2026-04-15,2026-04-21,7,Harbor Express,Truck,Pittsburgh,Rochester,427.0,$830.58
SH10873,2026-06-18,2026-06-19,06/23/2026,4,Harbor Express,Truck,Toronto,Chicago,243.2,443.44
SH10684,2026-05-28,2026-05-29,,28,Bluewave Shipping,Ocean,Rotterdam,Chicago,2918.7,2384.40
SH10105,2026-07-03,2026-07-04,2026-07-15,5,Atlas Freight,Truck,Montreal,Buffalo,790.1,1764.23
SH11139,2026-05-21,2026-05-22,05/25/2026,4,Summit Air Cargo,Air,Shanghai,New York City,117.5,"$1,042.00"
SH10081,03/16/2026,2026-03-19,2026-03-23,4,Harbor Express,Truck,Toronto,Atlanta,1198.1,2392.31
SH10472,2026-08-01,2026-08-02,2026-08-08,6,Harbor Express,Truck,Montreal,Dallas,213.2,$482.63
SH11051,2026-06-01,06/04/2026,06/11/2026,4, SUMMIT AIR CARGO,Air,Frankfurt,Buffalo,19.1,259.60
SH10778,2026-07-05,2026-07-08,07/09/2026,2,Summit Air cargo,Air,Shanghai,New York City,,1362.01
SH10225,05/02/2026,2026-05-02,2026-05-26,25,Northstar Logistics,Ocean,Rotterdam,Chicago,360.0,$547.33
SH11163,2026-02-23,2026-02-24,2026-03-04,8,Harbor Express,Truck,Montreal,Rochester,584.8,1114.57
SH10337,02/10/2026,2026-02-13,2026-02-17,4,Harbor Express,Truck,Toronto,Chicago,190.5,$372.18
SH10304,2026-01-20,01/21/2026,02/17/2026,27,BlueWave Shipping,Ocean,Singapore,Atlanta,3447.0,3404.54
SH10504,04/25/2026,04/28/2026,2026-05-04,7,NorthStar Logistics,Truck,Montreal,Buffalo,404.3,$850.78
SH11037,2026-07-31,2026-07-31,08/01/2026,2,Summit Air Cargo,Air,Frankfurt,Buffalo,39.4,$430.68
SH10878,2026-08-27,08/29/2026,2026-09-19,22,Northstar Logistics,Ocean,Rotterdam,Atlanta,4024.4,3288.31
SH10559,2026-01-30,2026-01-30,02/26/2026,28,Atlas Freight,Ocean,Rotterdam,Rochester,1744.6,1568.03
SH11154,2026-06-07,2026-06-07,06/11/2026,4,Summit Air Cargo,Air,Frankfurt,Rochester,66.8,622.47
SH11150,2026-01-29,2026-01-31,2026-02-04,5,Atlas Freight,Truck,Toronto,Chicago,705.5,1396.15
SH10848,2026-04-19,2026-04-19,2026-05-17,28,BlueWave Shipping,Ocean,Shanghai,Atlanta,1548.6,1304.33
SH10072,2026-07-29,08/01/2026,08/06/2026,3,Summit Air cargo,Air,Frankfurt,Chicago,119.9,$959.80
SH10086,2026-01-05,2026-01-05,2026-01-24,20,Northstar Logistics,Ocean,Rotterdam,Rochester,484.4,$612.87
SH10270,04/09/2026,2026-04-09,2026-05-08,30,Northstar Logistics,Ocean,Singapore,Atlanta,2679.7,"$2,693.70"
SH10308,2026-02-14,2026-02-15,02/22/2026,7,Harbor Express,Truck,Pittsburgh,Rochester,714.3,1327.12
SH10364,2026-06-17,2026-06-17,06/23/2026,5,Harbor Express,Truck,Toronto,Dallas,690.0,"$1,175.76"
SH10626,2026-01-19,2026-01-21,2026-01-27,7,Harbor Express,Truck,Montreal,Chicago,1715.2,2554.94
SH11138,2026-01-08,2026-01-10,01/13/2026,3, SUMMIT AIR CARGO,Air,Mexico City,Buffalo,23.3,269.59
SH10879,2026-04-10,2026-04-11,2026-04-16,5,Harbor Express,Truck,Toronto,Atlanta,638.9,1047.92
SH11052,2026-06-28,2026-07-01,2026-07-07,7,Atlas Freight,Truck,Toronto,New York City,3300.4,5027.77
SH10547,03/18/2026,03/20/2026,2026-03-25,6,Harbor Express,Truck,Pittsburgh,Atlanta,1236.6,"$2,627.24"
SH10959,01/21/2026,2026-01-23,2026-01-28,6,Northstar Logistics,Truck,Pittsburgh,New York City,417.8,$878.07
SH11003,08/18/2026,2026-08-18,08/26/2026,6,Northstar Logistics,Truck,Pittsburgh,Atlanta,1922.3,"$3,521.13"
SH10501,06/24/2026,06/27/2026,2026-07-01,4,Harbor Express,Truck,Pittsburgh,Chicago,1145.8,"$1,876.79"
SH10216,2026-04-10,04/12/2026,2026-05-04,23,Northstar Logistics,Ocean,Singapore,New York City,678.0,628.03
SH11155,04/18/2026,2026-04-21,2026-04-23,2, SUMMIT AIR CARGO,Air,Shanghai,Buffalo,119.3,1082.98
SH10050,08/20/2026,08/23/2026,2026-08-31,8,harbor express,Truck,Toronto,Atlanta,774.1,"$1,523.95"
SH10957,2026-05-12,05/14/2026,05/21/2026,7,Northstar Logistics,Truck,Montreal,Rochester,210.0,454.03
SH10759,2026-01-17,2026-01-18,2026-02-15,28,BlueWave Shipping,Ocean,Shanghai,Buffalo,1698.4,1526.14
SH10026,04/08/2026,2026-04-11,2026-04-13,2,Summit Air Cargo,Air,Frankfurt,Buffalo,199.5,"$1,690.89"
SH11196,2026-03-01,03/02/2026,2026-03-29,28,BlueWave Shipping,Ocean,Rotterdam,New York City,1826.7,1718.96
SH10562,2026-08-06,08/09/2026,2026-08-14,5,Northstar Logistics,Truck,Montreal,Dallas,307.4,$715.57
SH10143,03/08/2026,2026-03-11,2026-04-06,22,BlueWave Shipping,Ocean,Shanghai,Buffalo,1000.5,1165.20
SH11055,2026-05-01,2026-05-03,2026-06-01,29,BlueWave Shipping,Ocean,Rotterdam,Chicago,1542.1,"$1,629.99"
SH10660,2026-06-05,2026-06-06,2026-06-14,3,Summit Air Cargo,Air,Mexico City,Atlanta,-99.3,768.22
SH10082,2026-04-18,2026-04-21,2026-05-17,26,northstar logistics ,Ocean,Rotterdam,Rochester,3475.1,3862.98
SH10259,2026-04-22,2026-04-22,2026-05-20,28,Northstar Logistics,Ocean,Singapore,Dallas,701.7,$852.79
SH10963,08/19/2026,2026-08-21,2026-08-26,6,Northstar Logistics,Truck,Montreal,Atlanta,722.3,1536.94
SH10491,2026-05-27,2026-05-27,05/31/2026,4,Summit Air Cargo,Air,Shanghai,New York City,151.6,1241.54
SH10765,2026-01-18,2026-01-18,2026-01-31,7,northstar logistics ,Truck,Montreal,Atlanta,1410.8,"$2,272.44"
SH10838,2026-04-15,2026-04-15,05/08/2026,23,Atlas Freight,Ocean,Rotterdam,New York City,2328.4,2627.77
SH10035,2026-07-12,2026-07-14,2026-07-15,2,Summit Air Cargo,Air,Mexico City,Dallas,104.1,$741.98
SH11029,02/10/2026,2026-02-13,2026-03-15,30,BlueWave Shipping,Ocean,Singapore,Chicago,786.9,$975.85
SH10141,07/21/2026,07/24/2026,2026-08-17,24,Northstar Logistics,Ocean,Shanghai,Dallas,2551.3,2569.08
SH10657,2026-07-09,2026-07-10,2026-08-07,29,atlas freight,Ocean,Shanghai,Dallas,2114.4,1950.02
SH10972,2026-03-11,2026-03-12,2026-03-16,5,Harbor Express,Truck,Pittsburgh,Chicago,174.2,$426.02
SH10145,2026-08-15,2026-08-15,2026-08-20,6,Atlas Freight,Truck,Toronto,Dallas,1003.9,2118.87
SH11176,2026-04-14,2026-04-15,05/13/2026,29,northstar logistics ,Ocean,Rotterdam,Dallas,118.6,$256.84
SH11108,2026-02-24,2026-02-27,03/02/2026,4,Harbor Express,Truck,Pittsburgh,New York City,539.1,$940.31
SH10161,2026-03-19,2026-03-22,2026-03-24,2, SUMMIT AIR CARGO,Air,Frankfurt,Atlanta,132.1,$942.33
SH10029,2026-07-01,07/03/2026,2026-07-07,4,Summit Air Cargo,Air,Frankfurt,Chicago,64.3,574.25
SH10938,2026-04-08,2026-04-10,2026-05-07,27,Blue Wave Shipping,Ocean,Singapore,Chicago,1679.0,"$1,739.52"
SH10454,2026-04-14,04/15/2026,2026-05-03,19,BlueWave Shipping,Ocean,Rotterdam,Atlanta,1078.0,1073.38
SH10909,2026-08-01,2026-08-01,2026-08-07,5,Harbor Express,Truck,Toronto,Dallas,410.4,741.15
SH10453,08/15/2026,08/17/2026,2026-08-19,2,Summit Air Cargo,Air,Mexico City,New York City,126.4,$895.21
SH10492,05/10/2026,2026-05-11,2026-06-15,30,Atlas Freight,Ocean,Shanghai,Buffalo,172.6,296.55
SH11200,2026-05-06,2026-05-09,2026-05-13,4,Summit Air cargo,Air,Mexico City,Rochester,25.1,$307.13
SH10953,04/27/2026,04/27/2026,2026-05-04,7,Northstar Logistics,Truck,Montreal,Atlanta,1376.3,2359.08
SH10735,2026-02-04,2026-02-05,2026-02-27,23,BlueWave Shipping,Ocean,Rotterdam,Chicago,1409.8,"$1,369.00"
SH10820,2026-03-07,2026-03-09,2026-03-14,6,Atlas Freight,Truck,Pittsburgh,Dallas,1396.4,"$2,270.26"
SH11024,2026-04-26,04/29/2026,2026-05-06,6,harbor express,Truck,Toronto,Rochester,690.5,"$1,058.78"
SH10762,06/22/2026,2026-06-24,2026-06-26,2,Summit Air Cargo,Air,Shanghai,Chicago,139.2,1015.39
SH10825,05/26/2026,05/28/2026,2026-06-04,8,Harbor Express,Truck,Toronto,Rochester,,684.84
SH10622,2026-04-27,2026-04-27,2026-05-25,28,Atlas Freight,Ocean,Singapore,Rochester,2147.2,1914.23
SH10248,2026-04-14,2026-04-14,2026-05-12,29,BlueWave Shipping,Ocean,Shanghai,New York City,1628.4,"$1,594.61"
SH10573,2026-07-21,2026-07-23,07/29/2026,7,Harbour Express,Truck,Toronto,Buffalo,581.8,1069.91
SH10631,02/22/2026,2026-02-25,2026-03-16,19,BlueWave Shipping,Ocean,Shanghai,Rochester,1213.6,"$1,127.54"
SH10706,2026-05-08,2026-05-10,2026-05-18,8,NorthStar Logistics,Truck,Pittsburgh,Chicago,1901.4,"$3,165.65"
SH11018,2026-07-27,2026-07-30,2026-08-18,20,BlueWave Shipping,Ocean,Rotterdam,New York City,929.0,814.70
SH10904,2026-03-31,04/03/2026,04/22/2026,20,Atlas Freight,Ocean,Singapore,Dallas,1707.1,"$2,027.74"
SH11130,2026-08-12,2026-08-15,2026-09-09,25,BlueWave Shipping,Ocean,Shanghai,Chicago,,2052.31
SH11015,2026-06-30,2026-06-30,2026-07-27,27,Atlas Freight,Ocean,Singapore,Rochester,1786.6,1615.82
SH10511,2026-02-15,2026-02-18,2026-02-21,3,Summit Air Cargo,Air,Mexico City,Rochester,74.0,$685.01
SH10703,2026-06-26,06/29/2026,07/08/2026,4, SUMMIT AIR CARGO,Air,Frankfurt,New York City,40.7,$368.20
SH11064,02/07/2026,02/08/2026,2026-02-14,7,Atlas Freight,Truck,Toronto,Chicago,607.8,1138.88
SH10841,2026-05-20,2026-05-20,2026-05-24,4,Summit Air Cargo,Air,Frankfurt,New York City,91.9,$632.92
SH10527,2026-03-31,2026-04-02,04/28/2026,26,BlueWave Shipping,Ocean,Singapore,New York City,350.3,$361.40
SH10268,2026-06-17,2026-06-17,2026-07-06,20,BlueWave Shipping,Ocean,Singapore,Buffalo,3376.3,"$3,522.52"
SH10138,2026-05-14,2026-05-15,06/10/2026,27,Atlas Freight,Ocean,Rotterdam,Rochester,4718.3,"$3,833.74"
SH10238,02/27/2026,2026-02-27,2026-03-29,30,Northstar Logistics,Ocean,Shanghai,Chicago,2404.1,2258.29
SH10165,2026-07-28,2026-07-31,2026-08-31,30,Northstar Logistics,Ocean,Rotterdam,New York City,3336.2,"$2,796.17"
SH11056,2026-03-02,2026-03-02,2026-03-22,20,Atlas Freight,Ocean,Shanghai,Dallas,935.2,1074.72
SH10936,2026-07-12,2026-07-12,,6,Harbour Express,Truck,Pittsburgh,Chicago,2373.0,4817.07
SH10860,2026-02-13,2026-02-14,2026-02-22,8,atlas freight,Truck,Pittsburgh,Buffalo,211.9,500.22
SH10314,2026-05-20,2026-05-23,2026-05-27,4,Harbor Express,Truck,Toronto,Rochester,929.7,1823.55
SH10894,2026-04-22,2026-04-24,2026-04-27,4,Summit Air Cargo,Air,Mexico City,Atlanta,67.1,613.06
SH11133,2026-05-10,05/12/2026,05/23/2026,7,Northstar Logistics,Truck,Toronto,Atlanta,1041.1,"$2,213.01"
SH11142,2026-04-28,2026-04-28,,5,Atlas Freight ,Truck,Montreal,New York City,1437.4,2084.15
SH10509,2026-05-01,05/02/2026,2026-05-06,5,Harbor Express,Truck,Montreal,Rochester,417.2,$988.33
SH10460,03/22/2026,03/24/2026,2026-04-12,19,Northstar Logistics,Ocean,Singapore,New York City,374.5,$514.30
SH10256,2026-02-06,2026-02-09,2026-03-07,24,Northstar Logistics,Ocean,Rotterdam,Rochester,5259.6,"$4,644.80"
SH10635,2026-03-13,2026-03-16,2026-03-24,8,Atlas Freight,Truck,Montreal,Rochester,1281.8,2468.24
SH11020,2026-08-18,2026-08-21,08/24/2026,3,Summit Air Cargo,Air,Shanghai,Buffalo,126.8,"$1,079.11"
SH10926,04/21/2026,2026-04-23,2026-05-12,20,Atlas Freight,Ocean,Shanghai,Chicago,1215.9,1437.93
SH10671,2026-02-19,02/21/2026,2026-02-25,5,Atlas Freight,Truck,Montreal,Chicago,507.7,$815.67
SH10179,2026-08-02,08/05/2026,08/27/2026,23,Northstar Logistics,Ocean,Rotterdam,New York City,1058.9,$893.37
SH11087,2026-07-22,07/24/2026,08/22/2026,29,Atlas Freight,Ocean,Shanghai,Chicago,1354.5,1214.09
SH10017,2026-06-11,2026-06-12,2026-07-05,24,BlueWave Shipping,Ocean,Rotterdam,Dallas,2034.9,"$1,993.61"
SH10397,2026-07-10,2026-07-10,2026-07-13,4,Harbour Express,Truck,Pittsburgh,Chicago,436.1,978.81
SH10281,2026-05-31,2026-06-03,2026-06-09,7,Harbor Express,Truck,Montreal,Atlanta,312.0,$607.97
SH10506,02/16/2026,2026-02-18,2026-03-20,26,BlueWave Shipping,Ocean,Shanghai,Rochester,8470.1,7714.11
SH11003,08/18/2026,2026-08-18,08/26/2026,6,Northstar Logistics,Truck,Pittsburgh,Atlanta,1922.3,"$3,521.13"
SH10297,2026-06-07,06/10/2026,06/14/2026,4,Summit Air Cargo,Air,Frankfurt,Dallas,46.6,379.24
SH10271,2026-04-13,2026-04-13,05/11/2026,28,BlueWave Shipping,Ocean,Singapore,New York City,1207.3,1161.49
SH10779,2026-05-02,2026-05-03,05/10/2026,7,Atlas Freight,Truck,Pittsburgh,Dallas,717.5,1227.88
SH10915,2026-01-09,2026-01-11,2026-02-07,28,Atlas Freight,Ocean,Singapore,Buffalo,628.1,$808.64
SH10274,05/24/2026,2026-05-24,05/28/2026,5,NorthStar Logistics,Truck,Toronto,Atlanta,579.7,967.66
SH10864,03/21/2026,2026-03-23,04/16/2026,25,BlueWave Shipping,Ocean,Shanghai,Rochester,1274.2,"$1,177.28"
SH10311,01/11/2026,2026-01-14,2026-01-15,2,Summit Air Cargo,Air,Frankfurt,Dallas,48.7,446.35
SH10682,2026-03-02,2026-03-02,2026-03-12,5,Harbor Express,Truck,Pittsburgh,Chicago,425.4,$903.97
SH10982,2026-06-09,2026-06-12,2026-06-19,8,Harbor Express,Truck,Montreal,Dallas,229.4,$448.32
SH10789,2026-05-08,2026-05-10,06/06/2026,28,BlueWave Shipping,Ocean,Singapore,Dallas,405.0,590.76
SH10471,2026-03-25,2026-03-28,04/02/2026,6,Harbor Express,Truck,Pittsburgh,Chicago,871.5,"$1,765.50"
SH11116,2026-06-23,2026-06-24,2026-06-27,4,Harbor Express,Truck,Toronto,Atlanta,1026.4,"$1,622.18"
SH10039,2026-02-21,2026-02-23,2026-03-04,4,Harbor Express,Truck,Montreal,Dallas,573.0,$973.01
SH10171,06/23/2026,2026-06-25,2026-07-23,28,Atlas Freight,Ocean,Rotterdam,New York City,1086.0,"$1,258.63"
SH10376,2026-03-10,2026-03-10,2026-03-15,4,Northstar Logistics,Truck,Toronto,New York City,421.7,856.29
SH10180,2026-05-18,2026-05-21,2026-05-26,6,Northstar Logistics,Truck,Pittsburgh,Dallas,227.9,$511.74
SH10943,2026-02-06,2026-02-09,02/27/2026,19,BlueWave Shipping,Ocean,Rotterdam,Atlanta,3499.0,3094.31
SH10172,2026-06-11,2026-06-14,2026-06-20,7,Harbor Express,Truck,Montreal,New York City,315.8,$719.49
SH11079,2026-05-27,2026-05-30,2026-06-19,21,BlueWave Shipping,Ocean,Rotterdam,New York City,2496.0,"$2,113.69"
SH10264,2026-05-07,2026-05-09,2026-05-16,7,Atlas Freight,Truck,Toronto,Rochester,1398.2,2853.75
SH11085,2026-02-22,2026-02-25,2026-03-06,5,Harbor Express,Truck,Toronto,Chicago,665.2,1142.39
SH10540,2026-04-13,04/14/2026,2026-05-02,19,BlueWave Shipping,Ocean,Singapore,Rochester,1369.6,"$1,410.24"
SH10217,07/02/2026,2026-07-05,2026-07-08,4,Atlas Freight,Truck,Pittsburgh,Buffalo,-487.2,866.16
SH10525,2026-05-03,05/04/2026,2026-05-21,18,NorthStar Logistics,Ocean,Shanghai,Rochester,1782.6,1639.30
SH10949,2026-06-30,2026-07-03,2026-07-10,7,NorthStar Logistics,Truck,Toronto,Rochester,1106.4,"$1,962.77"
SH10888,2026-04-03,2026-04-04,2026-04-07,4,harbor express,Truck,Toronto,Atlanta,1279.4,"$1,879.05"
SH10640,08/07/2026,2026-08-09,08/26/2026,18,northstar logistics ,Ocean,Rotterdam,New York City,1343.1,1363.68
SH10514,07/27/2026,2026-07-30,2026-08-23,24,Northstar Logistics,Ocean,Rotterdam,Rochester,291.8,355.38
SH10923,2026-01-27,2026-01-28,03/04/2026,30,Northstar Logistics,Ocean,Rotterdam,Rochester,1572.0,"$1,954.67"
SH10095,2026-03-15,2026-03-16,2026-04-03,19,Northstar Logistics,Ocean,Singapore,Rochester,234.5,314.37
SH10721,2026-04-20,2026-04-23,2026-04-29,7,Atlas Freight,Truck,Toronto,Buffalo,2437.7,3736.75
SH10231,2026-05-12,05/14/2026,2026-06-05,23,northstar logistics ,Ocean,Shanghai,New York City,1171.1,1260.97
SH10605,2026-03-24,2026-03-26,2026-04-02,7,Harbor Express,Truck,Montreal,Rochester,2610.8,4962.12
SH10347,2026-04-03,2026-04-04,2026-04-29,26,Atlas Freight,Ocean,Singapore,Chicago,796.9,$873.45
SH10373,01/25/2026,2026-01-25,2026-02-02,8,Atlas Freight,Truck,Toronto,Buffalo,362.4,$564.73
SH10968,02/27/2026,03/02/2026,03/25/2026,23,BlueWave Shipping,Ocean,Rotterdam,Buffalo,2415.5,"$2,178.73"
SH10675,04/24/2026,04/25/2026,05/02/2026,8,Harbor Express,Truck,Montreal,Buffalo,746.9,"$1,225.53"
SH10518,2026-05-16,05/16/2026,06/08/2026,18,northstar logistics ,Ocean,Rotterdam,Chicago,828.2,$963.37
SH10596,08/19/2026,2026-08-22,2026-09-09,19,BlueWave Shipping,Ocean,Shanghai,Buffalo,2129.4,1972.23
SH10637,02/10/2026,02/12/2026,2026-02-20,8,Harbour Express,Truck,Pittsburgh,Rochester,628.1,986.94
SH10167,02/27/2026,2026-02-28,2026-03-06,6,Atlas Freight,Truck,Montreal,Rochester,1304.4,2548.51
SH10052,2026-05-28,2026-05-30,2026-06-03,4,Summit Air Cargo,Air,Frankfurt,Buffalo,39.1,462.35
SH11092,2026-07-16,2026-07-18,07/24/2026,7,Atlas Freight,Truck,Toronto,Buffalo,398.2,$809.53
SH10545,2026-05-04,2026-05-04,05/08/2026,4,Summit Air Cargo,Air,Shanghai,Chicago,113.8,$879.44
SH10213,2026-02-26,2026-02-28,2026-03-04,4,Summit Air Cargo,Air,Shanghai,Chicago,99.4,898.74
SH11088,2026-03-07,2026-03-08,2026-03-09,2,Summit Air Cargo,Air,Frankfurt,Dallas,115.1,$971.30
SH10014,2026-04-23,2026-04-26,05/16/2026,20,northstar logistics ,Ocean,Rotterdam,Chicago,1585.4,"$1,603.54"
SH10296,2026-03-28,2026-03-28,04/16/2026,20,Atlas Freight,Ocean,Singapore,Chicago,1108.5,"$1,031.91"
SH10150,2026-08-26,2026-08-26,2026-09-06,7,northstar logistics ,Truck,Toronto,Dallas,1730.1,3512.78
SH10316,2026-07-28,2026-07-30,2026-08-12,8,Harbor Express,Truck,Montreal,Rochester,956.5,1888.32
SH11035,2026-03-30,03/31/2026,2026-04-04,5,Harbor Express,Truck,Toronto,Atlanta,467.9,$799.35
SH10467,2026-02-13,02/14/2026,03/09/2026,23,ATLAS FREIGHT,Ocean,Rotterdam,Buffalo,2071.4,"$1,946.55"
SH11123,2026-06-21,06/21/2026,06/28/2026,8,Harbor Express,Truck,Montreal,Chicago,582.8,"$1,145.89"
SH10685,2026-06-14,2026-06-17,06/24/2026,7,Atlas Freight,Truck,Pittsburgh,New York City,534.6,992.90
SH10627,2026-07-02,2026-07-02,2026-07-09,8,Harbor Express,Truck,Pittsburgh,Atlanta,664.2,"$1,241.54"
SH11087,2026-07-22,07/24/2026,08/22/2026,29,Atlas Freight,Ocean,Shanghai,Chicago,1354.5,1214.09
SH10766,2026-03-01,2026-03-02,2026-04-04,29,Northstar Logistics,Ocean,Rotterdam,Chicago,367.2,465.64
SH10871,2026-06-24,2026-06-27,2026-07-16,20,northstar logistics ,Ocean,Rotterdam,Buffalo,624.8,572.63
SH10202,2026-07-18,2026-07-18,2026-07-20,2,Summit Air cargo,Air,Shanghai,Buffalo,28.0,$224.14
SH10016,2026-05-21,2026-05-22,05/26/2026,4,Summit Air Cargo,Air,Shanghai,Buffalo,157.7,1386.67
SH10543,05/08/2026,05/09/2026,2026-05-13,4,Atlas Freight,Truck,Montreal,Rochester,108.3,234.47
SH10175,2026-07-09,2026-07-10,2026-07-14,5,Harbor Express,Truck,Pittsburgh,Buffalo,851.0,"$1,394.38"
SH11098,02/09/2026,2026-02-10,2026-02-28,18,BlueWave Shipping,Ocean,Singapore,Dallas,1479.7,"$1,593.08"
SH10382,03/28/2026,2026-03-29,04/01/2026,4,Northstar Logistics,Truck,Montreal,Buffalo,723.7,"$1,326.46"
SH10160,2026-08-13,2026-08-13,08/20/2026,8,Atlas Freight,Truck,Toronto,Rochester,490.7,$955.14
SH10952,2026-01-25,2026-01-27,01/31/2026,4,Northstar Logistics,Truck,Toronto,Buffalo,196.6,446.88
SH10235,01/26/2026,01/29/2026,02/03/2026,5,Harbor Express,Truck,Pittsburgh,Rochester,619.2,"$1,274.63"
SH10291,2026-01-05,2026-01-06,01/30/2026,24,BlueWave Shipping,Ocean,Shanghai,Chicago,3737.8,"$3,675.58"
SH10211,06/26/2026,06/28/2026,2026-07-04,6,Harbor Express,Truck,Toronto,Rochester,,1078.82
SH10483,2026-06-14,2026-06-15,2026-06-17,2,Summit Air Cargo,Air,Mexico City,Chicago,93.3,635.31
SH10325,2026-06-14,06/15/2026,2026-06-18,4, SUMMIT AIR CARGO,Air,Frankfurt,New York City,87.8,$626.80
SH10157,2026-02-18,2026-02-19,2026-02-25,6,Northstar Logistics,Truck,Toronto,Buffalo,251.4,$578.41
SH11183,2026-06-12,06/15/2026,06/24/2026,4,Harbor Express,Truck,Pittsburgh,Rochester,1351.3,"$2,156.87"
SH10973,2026-05-19,2026-05-20,06/22/2026,30,BlueWave Shipping,Ocean,Rotterdam,Rochester,,2484.31
SH10108,2026-06-24,2026-06-24,2026-07-02,8,Atlas Freight ,Truck,Toronto,Dallas,703.4,"$1,149.46"
SH10182,2026-02-24,02/24/2026,2026-03-17,21,northstar logistics ,Ocean,Singapore,Atlanta,316.6,460.83
SH10058,05/05/2026,05/08/2026,2026-06-06,30,BlueWave Shipping,Ocean,Shanghai,Rochester,1608.9,"$1,650.56"
SH10647,02/21/2026,2026-02-23,2026-03-31,30,BlueWave Shipping,Ocean,Shanghai,Chicago,2718.3,2923.02
SH10476,2026-02-28,02/28/2026,2026-03-06,6,Harbor Express,Truck,Toronto,Atlanta,764.8,1570.53
SH10702,07/01/2026,2026-07-01,2026-07-20,20,Northstar Logistics,Ocean,Shanghai,Atlanta,4264.1,"$4,349.15"
SH10807,2026-03-18,2026-03-19,2026-03-22,3,Summit Air cargo,Air,Mexico City,Dallas,83.6,$580.58
SH10443,2026-07-22,2026-07-22,2026-07-28,5,Northstar Logistics,Truck,Pittsburgh,Buffalo,1636.6,3384.04
SH11043,2026-06-30,2026-07-01,2026-07-03,3,Summit Air Cargo,Air,Shanghai,Dallas,78.9,713.74
SH10056,2026-08-16,08/18/2026,2026-08-20,2,Summit Air Cargo,Air,Frankfurt,New York City,36.0,$359.18
SH10976,2026-02-16,02/18/2026,2026-02-22,4,Atlas Freight,Truck,Pittsburgh,Chicago,1436.0,2771.17
SH10541,2026-05-27,2026-05-30,2026-06-17,18,BlueWave Shipping,Ocean,Rotterdam,Atlanta,851.6,$842.21
SH10974,08/20/2026,2026-08-21,2026-09-17,27,BlueWave Shipping,Ocean,Singapore,Rochester,1339.3,1574.57
SH10415,2026-06-11,2026-06-12,2026-07-09,23,Atlas Freight,Ocean,Singapore,Dallas,1328.1,"$1,401.76"
SH10377,2026-06-23,06/25/2026,07/01/2026,7,Northstar Logistics,Truck,Pittsburgh,New York City,2613.8,5334.66
SH10307,2026-03-26,2026-03-28,2026-03-31,4,Harbor Express,Truck,Montreal,Rochester,1817.4,3242.20
SH11021,2026-07-29,2026-08-01,2026-08-30,27,Blue Wave Shipping,Ocean,Shanghai,Buffalo,700.5,$835.58
SH10461,06/09/2026,2026-06-11,06/18/2026,7,Harbor Express,Truck,Pittsburgh,Buffalo,939.8,"$1,637.74"
SH11097,2026-05-04,2026-05-04,2026-05-06,3,Summit Air Cargo,Air,Frankfurt,Rochester,484.1,4015.83
SH10877,2026-02-14,2026-02-17,03/09/2026,21,Northstar Logistics,Ocean,Shanghai,Dallas,2108.2,2103.76
SH10753,2026-06-28,2026-06-29,2026-07-22,24,BlueWave Shipping,Ocean,Singapore,New York City,1458.6,"$1,696.49"
SH10340,2026-03-12,2026-03-12,2026-04-08,28,Bluewave Shipping,Ocean,Singapore,Chicago,3026.9,"$3,093.99"
SH10436,2026-03-06,2026-03-09,2026-03-17,8,Harbor Express,Truck,Montreal,Dallas,1256.6,"$2,221.86"
SH10667,2026-02-28,2026-02-28,03/05/2026,6,Harbour Express,Truck,Toronto,Chicago,95.4,$238.41
SH10677,2026-02-06,2026-02-08,2026-02-11,4,Harbor Express,Truck,Pittsburgh,Rochester,983.5,1617.03
SH10230,06/16/2026,2026-06-17,2026-07-16,29,BlueWave Shipping,Ocean,Shanghai,Rochester,1206.8,1279.01
SH10339,2026-05-08,2026-05-08,2026-05-11,4,Harbor Express,Truck,Montreal,New York City,379.5,$679.42
SH10993,05/21/2026,2026-05-22,1900-01-01,7,Atlas Freight ,Truck,Montreal,New York City,819.5,1268.15
SH11044,2026-03-02,2026-03-03,2026-03-09,6,Harbor Express,Truck,Toronto,Dallas,1636.3,"$2,689.79"
SH10930,07/04/2026,07/05/2026,2026-07-11,6,Atlas Freight,Truck,Montreal,Chicago,,1682.76
SH10862,2026-08-15,2026-08-17,2026-09-10,24,BlueWave Shipping,Ocean,Shanghai,Buffalo,1118.4,"$1,173.14"
SH10642,2026-07-08,2026-07-09,2026-07-15,7,Atlas Freight ,Truck,Montreal,Dallas,427.7,$759.83
SH10980,01/07/2026,01/07/2026,2026-02-01,26,BlueWave Shipping,Ocean,Rotterdam,New York City,2842.6,"$2,771.73"
SH11140,2026-01-07,2026-01-08,2026-02-02,26,Bluewave Shipping,Ocean,Rotterdam,New York City,2507.0,2958.14
SH10802,2026-06-29,2026-06-29,2026-07-25,27,Bluewave Shipping,Ocean,Singapore,Chicago,2539.2,"$2,021.47"
SH10775,05/02/2026,2026-05-04,05/26/2026,22,BlueWave Shipping,Ocean,Rotterdam,Buffalo,1430.2,"$1,470.89"
SH10818,05/20/2026,2026-05-23,2026-05-26,4,Summit Air Cargo,Air,Mexico City,Chicago,343.2,"$2,826.88"
SH10641,04/21/2026,2026-04-24,05/02/2026,8,Atlas Freight,Truck,Pittsburgh,Chicago,942.4,1456.07
SH10114,2026-06-30,07/02/2026,2026-07-11,4,Harbor Express,Truck,Montreal,Dallas,1898.7,3260.31
SH10425,2026-08-26,08/28/2026,,8,Harbour Express,Truck,Montreal,New York City,293.7,706.97
SH10477,2026-04-08,2026-04-10,2026-05-02,23,Atlas Freight,Ocean,Singapore,Buffalo,3819.9,"$4,093.59"
SH10067,2026-02-02,02/05/2026,2026-03-01,25,BlueWave Shipping,Ocean,Singapore,Chicago,468.9,514.16
SH10717,2026-05-29,2026-05-31,2026-06-05,5,Northstar Logistics,Truck,Pittsburgh,New York City,539.3,1065.95
SH10978,2026-07-29,2026-08-01,08/30/2026,29,BlueWave Shipping,Ocean,Singapore,Atlanta,-5456.9,5082.02
SH10659,01/17/2026,2026-01-19,02/06/2026,18,BlueWave Shipping,Ocean,Singapore,New York City,2017.7,"$2,340.89"
SH10194,2026-07-11,2026-07-11,2026-07-15,4,Summit Air Cargo,Air,Mexico City,Buffalo,147.6,1094.51
SH10193,2026-03-13,2026-03-14,2026-03-21,7,Harbor Express,Truck,Pittsburgh,Atlanta,154.9,398.15
SH10922,2026-01-13,2026-01-13,02/01/2026,20,BlueWave Shipping,Ocean,Shanghai,New York City,936.5,1160.61
SH10729,2026-02-22,02/23/2026,2026-03-21,26,BlueWave Shipping,Ocean,Rotterdam,Chicago,1490.3,"$1,544.25"
SH10276,08/22/2026,08/23/2026,2026-08-31,8,Harbor Express,Truck,Toronto,Buffalo,946.7,1438.02
SH11089,2026-03-02,03/04/2026,2026-03-25,21,BlueWave Shipping,Ocean,Rotterdam,Buffalo,978.3,1200.70
SH10002,2026-05-02,2026-05-03,2026-05-06,3,Summit Air Cargo,Air,Frankfurt,Dallas,173.2,"$1,443.95"
SH10047,2026-07-07,2026-07-09,07/13/2026,4,Summit Air Cargo,Air,Shanghai,Chicago,67.7,592.64
SH10921,03/17/2026,2026-03-20,04/11/2026,23,Atlas Freight,Ocean,Rotterdam,Dallas,1444.3,1357.67
SH10784,02/24/2026,02/24/2026,2026-03-02,6,Atlas Freight,Truck,Toronto,New York City,546.5,$871.76
SH10044,2026-01-25,2026-01-28,02/16/2026,19,Atlas Freight,Ocean,Singapore,Chicago,575.6,$724.49
SH10613,2026-03-13,2026-03-16,2026-03-21,5,Harbor Express,Truck,Pittsburgh,Rochester,550.9,984.38
SH11017,2026-07-23,07/24/2026,2026-07-28,5,harbor express,Truck,Montreal,Dallas,671.4,1202.09
SH10013,07/09/2026,2026-07-10,2026-08-11,27,BlueWave Shipping,Ocean,Shanghai,Atlanta,1273.7,"$1,506.62"
SH10308,2026-02-14,2026-02-15,02/22/2026,7,Harbor Express,Truck,Pittsburgh,Rochester,714.3,1327.12
SH10744,2026-01-14,2026-01-17,2026-01-20,4,harbor express,Truck,Pittsburgh,Rochester,331.5,$740.87
SH10945,07/16/2026,2026-07-17,2026-07-23,7,Harbor Express,Truck,Montreal,Dallas,,510.86
SH11061,05/09/2026,2026-05-10,2026-05-13,4,Atlas Freight,Truck,Montreal,Buffalo,2178.3,"$3,936.08"
SH11083,06/05/2026,2026-06-05,2026-07-04,30,Blue Wave Shipping,Ocean,Rotterdam,Chicago,718.7,$844.47
SH10197,2026-05-27,2026-05-28,2026-06-17,21,BlueWave Shipping,Ocean,Rotterdam,New York City,804.7,$836.16
SH10280,2026-01-18,2026-01-18,2026-01-21,3,Summit Air Cargo,Air,Frankfurt,Rochester,86.5,758.12
SH10236,2026-02-22,02/22/2026,2026-02-26,4,Northstar Logistics,Truck,Pittsburgh,Atlanta,1871.2,"$3,212.09"
SH10151,2026-05-17,05/17/2026,05/26/2026,8,harbor express,Truck,Montreal,Atlanta,1492.5,"$2,623.84"
SH10380,2026-01-27,2026-01-27,2026-01-28,2,Summit Air Cargo,Air,Frankfurt,Rochester,121.5,964.55
SH10649,2026-06-02,2026-06-04,06/09/2026,5,harbor express,Truck,Montreal,Dallas,737.5,1217.55
SH10188,2026-07-01,2026-07-04,2026-07-08,4,Harbor Express,Truck,Toronto,Atlanta,1556.1,2420.49
SH10712,2026-02-27,2026-02-28,03/08/2026,5,Northstar Logistics,Truck,Montreal,Buffalo,163.4,446.23
SH10749,2026-03-29,2026-03-29,04/26/2026,29,BlueWave Shipping,Ocean,Shanghai,Chicago,342.8,389.13
SH10546,2026-06-06,06/06/2026,2026-07-04,23,BlueWave Shipping,Ocean,Shanghai,Atlanta,700.9,$669.70
SH10859,06/22/2026,2026-06-25,07/05/2026,6,Harbor Express,Truck,Montreal,New York City,2961.9,4768.61
SH10924,2026-07-05,2026-07-05,2026-07-31,25,Atlas Freight,Ocean,Rotterdam,Atlanta,1008.8,$953.96
SH10252,2026-01-21,2026-01-23,2026-02-13,21,BlueWave Shipping,Ocean,Rotterdam,New York City,715.6,$855.83
SH10606,2026-07-19,2026-07-19,2026-08-12,21,BlueWave Shipping,Ocean,Rotterdam,Buffalo,3771.6,"$3,971.28"
SH10902,2026-04-14,2026-04-14,2026-04-27,8,Northstar Logistics,Truck,Pittsburgh,Dallas,522.6,1067.72
SH10526,2026-08-22,2026-08-25,2026-08-29,4,Northstar Logistics,Truck,Montreal,Dallas,354.5,715.74
SH10008,2026-01-23,2026-01-26,2026-02-23,25,Northstar Logistics,Ocean,Rotterdam,Dallas,1697.2,1735.62
SH11107,01/18/2026,2026-01-21,2026-01-27,7,Harbor Express,Truck,Montreal,Buffalo,757.6,"$1,309.26"
SH10724,05/04/2026,2026-05-05,2026-05-07,2, SUMMIT AIR CARGO,Air,Frankfurt,Atlanta,37.3,$348.08
SH10170,03/02/2026,2026-03-02,2026-03-08,6,Harbor Express,Truck,Montreal,Atlanta,595.0,1303.26
SH10877,2026-02-14,2026-02-17,03/09/2026,21,Northstar Logistics,Ocean,Shanghai,Dallas,2108.2,2103.76
SH10241,2026-08-06,2026-08-09,2026-08-16,8,Atlas Freight,Truck,Toronto,Buffalo,100.7,$381.86
SH10971,02/07/2026,2026-02-10,2026-02-20,4,Northstar Logistics,Truck,Montreal,New York City,309.5,591.19
SH10792,05/06/2026,05/09/2026,2026-05-30,21,BlueWave Shipping,Ocean,Singapore,Atlanta,1032.0,"$1,037.65"
SH10774,2026-03-27,2026-03-27,2026-04-13,18,BlueWave Shipping,Ocean,Shanghai,Chicago,2501.4,2486.36
SH10290,2026-06-16,2026-06-18,2026-06-25,6,Harbor Express,Truck,Pittsburgh,Chicago,2113.5,"$4,037.99"
SH10131,2026-07-03,07/04/2026,2026-07-30,26,BlueWave Shipping,Ocean,Singapore,Atlanta,2470.4,"$2,732.71"
SH10929,2026-04-18,2026-04-21,04/28/2026,8,Harbor Express,Truck,Toronto,Chicago,861.1,1714.11
SH10407,01/14/2026,01/17/2026,2026-01-21,5,Northstar Logistics,Truck,Montreal,Buffalo,193.4,467.25
SH10229,2026-03-24,03/24/2026,2026-04-16,24,BlueWave Shipping,Ocean,Shanghai,Buffalo,1764.3,"$1,826.16"
SH10839,02/20/2026,2026-02-22,02/25/2026,4,Summit Air Cargo,Air,Mexico City,Rochester,31.0,375.99
SH11086,2026-02-05,2026-02-06,2026-03-01,23,BlueWave Shipping,Ocean,Shanghai,Dallas,3078.7,3571.94
SH10843,2026-03-16,2026-03-16,2026-03-18,3,Summit Air Cargo,Air,Mexico City,Dallas,55.0,454.18
SH10363,2026-05-26,2026-05-27,2026-06-10,8,Northstar Logistics,Truck,Toronto,Dallas,381.9,911.73
SH11192,2026-02-28,2026-02-28,2026-03-01,2,Summit Air Cargo,Air,Shanghai,Chicago,146.7,"$1,033.63"
SH10625,2026-06-30,2026-07-02,07/05/2026,4,Atlas Freight,Truck,Toronto,New York City,842.9,1647.04
SH10068,2026-02-15,2026-02-15,2026-02-20,5,Harbor Express,Truck,Toronto,Chicago,1126.0,2316.96
SH10997,2026-01-30,01/30/2026,2026-02-01,3,Summit Air Cargo,Air,Frankfurt,Atlanta,76.9,685.41
SH10870,2026-08-03,2026-08-04,2026-08-31,28,BlueWave Shipping,Ocean,Rotterdam,Rochester,369.0,447.93
SH10087,2026-05-25,2026-05-25,2026-06-16,22,BlueWave Shipping,Ocean,Shanghai,New York City,346.5,$393.16
SH10858,2026-08-24,08/26/2026,2026-09-18,23,BlueWave Shipping,Ocean,Shanghai,Atlanta,3924.9,3967.69
SH10772,2026-08-06,2026-08-07,08/13/2026,6,Harbor Express,Truck,Pittsburgh,Buffalo,825.1,1701.61
SH11078,2026-03-16,2026-03-17,03/21/2026,5,Harbor Express,Truck,Toronto,Dallas,472.4,888.78
SH10442,2026-08-01,2026-08-03,2026-08-22,18,Northstar Logistics,Ocean,Rotterdam,Atlanta,3157.2,"$2,918.23"
SH10452,2026-07-25,07/26/2026,2026-08-25,29,Atlas Freight,Ocean,Rotterdam,Rochester,2007.1,"$2,375.03"
SH10457,2026-07-21,07/22/2026,2026-08-11,19,Northstar Logistics,Ocean,Shanghai,Chicago,335.4,386.06
SH10999,2026-07-07,07/10/2026,2026-07-17,7,Harbor Express,Truck,Pittsburgh,Rochester,,"$1,098.07"
SH10027,2026-06-02,2026-06-05,2026-06-24,19,Northstar Logistics,Ocean,Singapore,Atlanta,1607.6,"$1,928.41"
SH10444,2026-03-29,03/31/2026,04/27/2026,23,Atlas Freight,Ocean,Singapore,Buffalo,1105.3,"$1,226.20"
SH11195,2026-02-06,02/06/2026,2026-02-13,7,Harbor Express,Truck,Montreal,Atlanta,2293.5,"$4,492.25"
SH10062,2026-01-07,2026-01-09,2026-01-14,5,Harbor Express,Truck,Pittsburgh,Chicago,860.9,"$1,437.68"
SH10034,2026-08-02,08/02/2026,2026-08-04,3,Summit Air Cargo,Air,Mexico City,Rochester,223.6,1837.92
SH10226,08/20/2026,2026-08-20,2026-09-18,30,BlueWave Shipping,Ocean,Rotterdam,Atlanta,2748.3,2439.29
SH10387,2026-04-21,2026-04-22,2026-04-24,3,Summit Air Cargo,Air,Frankfurt,Atlanta,196.3,"$1,688.85"
SH10617,04/23/2026,04/23/2026,2026-04-28,2,Summit Air cargo,Air,Frankfurt,Atlanta,52.3,486.42
SH10615,03/06/2026,2026-03-08,03/12/2026,5,Harbor Express,Truck,Pittsburgh,Rochester,1996.5,3149.72
SH10432,07/16/2026,2026-07-17,,26,Northstar Logistics,Ocean,Rotterdam,Buffalo,7089.0,5786.51
SH10955,2026-02-01,2026-02-02,2026-02-09,8,Harbor Express,Truck,Montreal,Chicago,964.3,1990.20
SH10928,2026-08-14,2026-08-16,2026-09-06,22,BlueWave Shipping,Ocean,Singapore,Rochester,182.4,$304.96
SH10958,05/24/2026,2026-05-24,2026-06-15,22,Atlas Freight,Ocean,Singapore,Buffalo,1359.3,1439.43
SH10389,2026-08-10,2026-08-13,08/21/2026,8,Harbor Express,Truck,Montreal,Chicago,133.7,$297.60
SH10099,06/05/2026,2026-06-08,06/11/2026,4,Summit Air Cargo,Air,Frankfurt,New York City,102.4,$922.90
SH10799,2026-01-23,01/23/2026,2026-02-09,18,northstar logistics ,Ocean,Singapore,Buffalo,955.9,"$1,005.97"
SH10661,07/28/2026,07/28/2026,2026-08-03,7,Northstar Logistics,Truck,Montreal,Atlanta,318.3,784.20
SH11012,01/26/2026,2026-01-29,2026-02-06,5,Northstar Logistics,Truck,Toronto,Atlanta,768.6,"$1,496.79"
SH10668,2026-05-18,2026-05-18,2026-06-13,26,BlueWave Shipping,Ocean,Singapore,Dallas,1702.2,1501.69
SH10292,2026-03-15,2026-03-17,2026-04-15,30,BlueWave Shipping,Ocean,Singapore,Buffalo,5813.6,"$6,528.44"
SH10475,2026-04-17,2026-04-17,2026-05-15,28,Atlas Freight,Ocean,Shanghai,Buffalo,2747.6,"$2,727.42"
SH11077,2026-02-19,2026-02-21,2026-02-25,4, SUMMIT AIR CARGO,Air,Mexico City,Chicago,71.5,$567.92
SH11105,05/23/2026,2026-05-23,2026-05-26,4,Northstar Logistics,Truck,Pittsburgh,Rochester,1076.9,1913.89
SH10618,05/31/2026,2026-06-01,2026-06-20,20,BlueWave Shipping,Ocean,Shanghai,Chicago,1016.7,1147.92
SH10115,2026-07-30,2026-07-30,2026-08-20,21,BlueWave Shipping,Ocean,Singapore,Chicago,2850.7,2481.95
SH10028,2026-07-08,2026-07-11,2026-07-18,7,Northstar Logistics,Truck,Pittsburgh,Chicago,1503.4,2896.20
SH11026,2026-08-22,2026-08-22,08/30/2026,8,Northstar Logistics,Truck,Toronto,New York City,739.7,"$1,162.65"
SH10121,03/10/2026,03/13/2026,2026-03-21,8,Atlas Freight ,Truck,Montreal,Atlanta,1040.6,"$2,101.86"
SH10378,08/14/2026,2026-08-15,08/21/2026,4,ATLAS FREIGHT,Truck,Toronto,Buffalo,634.8,1212.42
SH10381,2026-04-10,04/10/2026,2026-04-20,4,Summit Air Cargo,Air,Shanghai,Rochester,96.6,862.09
SH10983,2026-04-13,2026-04-16,2026-05-12,26,Northstar Logistics,Ocean,Singapore,Buffalo,1088.4,"$1,052.56"
SH10123,2026-06-18,2026-06-21,2026-07-13,23,Atlas Freight,Ocean,Rotterdam,Atlanta,2962.3,3442.37
SH11197,2026-08-02,2026-08-05,08/08/2026,4,Harbor Express,Truck,Montreal,Buffalo,1504.4,"$2,959.00"
SH10502,03/17/2026,2026-03-19,2026-03-22,3,Summit Air cargo,Air,Shanghai,Chicago,296.7,"$1,958.38"
SH10139,2026-03-06,2026-03-09,2026-04-01,23,BlueWave Shipping,Ocean,Shanghai,New York City,303.1,364.53
SH11045,01/16/2026,01/19/2026,2026-01-24,6,Harbor Express,Truck,Pittsburgh,Buffalo,2042.4,3189.63
SH10805,2026-02-20,2026-02-21,02/25/2026,4,Harbor Express,Truck,Montreal,Chicago,1062.6,"$2,206.88"
SH10313,2026-06-20,2026-06-21,2026-06-23,2,Summit Air cargo,Air,Frankfurt,Rochester,163.6,1138.61
SH10166,2026-05-11,2026-05-13,2026-05-14,2,Summit Air Cargo,Air,Shanghai,New York City,145.3,"$1,215.79"
SH10089,2026-04-26,2026-04-26,2026-05-21,26,Atlas Freight,Ocean,Rotterdam,New York City,3346.5,3634.13
SH10247,2026-05-07,05/10/2026,2026-05-13,3,Summit Air Cargo,Air,Shanghai,Dallas,50.0,386.46
SH10925,2026-07-29,2026-08-01,08/06/2026,5,Atlas Freight,Truck,Pittsburgh,Atlanta,430.2,$735.75
SH11124,2026-08-06,2026-08-06,2026-08-08,2,Summit Air Cargo,Air,Frankfurt,Buffalo,118.8,1002.43
SH10528,06/12/2026,2026-06-14,2026-07-02,18,BlueWave Shipping,Ocean,Rotterdam,Chicago,2319.3,2020.24
SH10908,2026-05-04,2026-05-06,2026-05-29,24,BlueWave Shipping,Ocean,Rotterdam,Atlanta,1484.7,"$1,450.06"
SH10422,04/02/2026,04/05/2026,2026-05-02,22,Atlas Freight,Ocean,Rotterdam,Rochester,3912.2,"$3,187.68"
SH10338,2026-08-18,2026-08-20,08/23/2026,4,Harbor Express,Truck,Toronto,New York City,836.0,"$1,403.12"
SH11128,2026-07-26,2026-07-28,08/23/2026,26,atlas freight,Ocean,Rotterdam,Rochester,4272.1,"$3,603.74"
SH10320,04/22/2026,2026-04-24,2026-04-27,4,Harbor Express,Truck,Pittsburgh,Atlanta,195.0,$481.56
SH10583,2026-06-05,2026-06-07,2026-06-14,8,Harbor Express,Truck,Pittsburgh,Atlanta,1434.2,"$2,274.30"
SH10678,06/04/2026,2026-06-04,06/11/2026,8,atlas freight,Truck,Montreal,Chicago,890.3,"$1,496.15"
SH10906,2026-06-24,06/25/2026,2026-07-20,20,BlueWave Shipping,Ocean,Shanghai,Rochester,1470.4,"$1,415.17"
SH11046,2026-05-20,05/21/2026,2026-05-29,8,Harbor Express,Truck,Toronto,Rochester,965.6,1464.60
SH10730,2026-02-14,02/14/2026,2026-03-17,25,Northstar Logistics,Ocean,Rotterdam,Chicago,1179.8,"$1,397.43"
SH10571,2026-03-26,03/29/2026,2026-04-01,4,Atlas Freight,Truck,Montreal,Dallas,764.2,1414.10
SH11102,2026-07-23,07/26/2026,2026-07-29,4,Atlas Freight,Truck,Montreal,Buffalo,-474.8,"$1,079.06"
SH10628,2026-06-01,2026-06-03,2026-06-26,23,atlas freight,Ocean,Shanghai,Dallas,1154.2,"$1,080.01"
SH10152,2026-07-30,08/02/2026,08/04/2026,2,Summit Air Cargo,Air,Frankfurt,Rochester,349.3,"$2,249.49"
SH10846,2026-04-06,2026-04-08,04/11/2026,3,Summit Air Cargo,Air,Mexico City,Buffalo,159.3,"$1,140.52"
SH10586,2026-05-15,2026-05-18,2026-05-22,5,Atlas Freight,Truck,Toronto,Rochester,795.3,"$1,377.94"
SH10853,2026-05-12,2026-05-13,2026-05-25,7,atlas freight,Truck,Toronto,Buffalo,1456.6,"$3,018.69"
SH10287,2026-06-08,06/11/2026,2026-07-13,30,Atlas Freight,Ocean,Shanghai,Atlanta,1071.8,"$1,111.39"
SH10912,2026-08-05,2026-08-06,2026-08-09,3,Summit Air Cargo,Air,Mexico City,Rochester,76.3,$801.37
SH10323,2026-05-25,2026-05-26,2026-06-22,27,BlueWave Shipping,Ocean,Singapore,Dallas,2371.3,"$2,451.92"
SH10451,2026-03-30,2026-03-30,2026-04-18,19,Northstar Logistics,Ocean,Shanghai,Atlanta,2297.0,"$2,336.89"
SH10875,2026-01-14,2026-01-15,2026-02-14,30,Northstar Logistics,Ocean,Singapore,New York City,1679.8,1825.92
SH10920,2026-05-14,05/15/2026,05/16/2026,2,Summit Air Cargo,Air,Shanghai,Chicago,114.0,1054.70
SH10330,2026-05-09,2026-05-11,2026-05-16,5,Atlas Freight,Truck,Toronto,Rochester,426.7,$829.78
SH10889,2026-04-20,04/20/2026,04/23/2026,3,Summit Air Cargo,Air,Frankfurt,Dallas,344.5,2700.83
SH10023,2026-07-19,07/22/2026,07/26/2026,4,Atlas Freight,Truck,Pittsburgh,Atlanta,487.7,"$1,015.71"
SH10731,2026-02-20,2026-02-20,2026-02-21,2,Summit Air Cargo,Air,Mexico City,Dallas,315.6,2467.88
SH11040,2026-06-14,2026-06-17,2026-06-20,3,Summit Air Cargo,Air,Shanghai,Buffalo,368.6,2606.33
SH11088,2026-03-07,2026-03-08,2026-03-09,2,Summit Air Cargo,Air,Frankfurt,Dallas,115.1,$971.30
SH10754,2026-08-24,08/27/2026,2026-09-03,8,Northstar Logistics,Truck,Toronto,Dallas,127.2,$258.76
SH10776,2026-06-21,2026-06-24,2026-07-21,27,Northstar Logistics,Ocean,Rotterdam,Rochester,557.0,648.83
SH10574,05/04/2026,2026-05-07,2026-06-05,29,BlueWave Shipping,Ocean,Rotterdam,Chicago,3482.0,3992.30
SH10416,2026-04-12,2026-04-13,2026-05-10,28,northstar logistics ,Ocean,Rotterdam,Rochester,501.6,593.53
SH10794,08/18/2026,08/19/2026,2026-09-12,25,BlueWave Shipping,Ocean,Rotterdam,Atlanta,1213.7,"$1,397.88"
SH10851,2026-07-24,2026-07-26,08/02/2026,8,Harbor Express,Truck,Montreal,New York City,472.3,986.32
SH11106,2026-08-05,2026-08-05,2026-08-09,4,Harbor Express,Truck,Toronto,New York City,2029.6,"$2,956.89"
SH10468,01/22/2026,2026-01-24,2026-01-28,4,Harbor Express,Truck,Toronto,Rochester,1337.4,2612.33
SH10003,03/11/2026,2026-03-13,04/09/2026,28,atlas freight,Ocean,Shanghai,New York City,1295.3,"$1,627.52"
SH10746,2026-08-05,2026-08-05,2026-08-12,4,Northstar Logistics,Truck,Pittsburgh,Rochester,862.7,1519.01
SH10737,2026-01-09,2026-01-09,01/11/2026,2, SUMMIT AIR CARGO,Air,Shanghai,Dallas,30.0,$383.17
SH10911,2026-04-05,2026-04-07,04/10/2026,4,ATLAS FREIGHT,Truck,Pittsburgh,Chicago,862.2,1347.37
SH10951,2026-08-11,2026-08-11,2026-08-16,6,Atlas Freight,Truck,Pittsburgh,Atlanta,334.6,$655.83
SH10414,2026-06-17,2026-06-18,2026-06-24,6,Harbor Express,Truck,Pittsburgh,New York City,865.4,1854.29
SH10852,2026-06-03,2026-06-04,06/24/2026,21,Northstar Logistics,Ocean,Singapore,Dallas,2259.0,"$2,636.22"
SH10535,2026-01-13,2026-01-15,2026-02-04,21,Atlas Freight ,Ocean,Singapore,Dallas,1641.5,"$1,395.61"
SH10558,2026-06-13,2026-06-14,2026-07-09,25,BlueWave Shipping,Ocean,Singapore,Dallas,7872.1,"$7,853.97"
SH10604,2026-08-20,2026-08-23,2026-09-12,21,BlueWave Shipping,Ocean,Shanghai,Chicago,1439.0,1326.75
SH10832,07/01/2026,07/01/2026,2026-07-09,5,Harbor Express,Truck,Pittsburgh,Buffalo,882.6,"$1,776.01"
SH10991,2026-06-11,2026-06-14,2026-07-03,20,ATLAS FREIGHT,Ocean,Rotterdam,Rochester,4010.3,"$4,112.51"
SH10012,2026-01-25,2026-01-26,02/25/2026,30,BlueWave Shipping,Ocean,Shanghai,Atlanta,614.0,$714.25
SH10986,2026-08-10,2026-08-12,2026-08-16,4,Northstar Logistics,Truck,Toronto,Buffalo,2011.4,"$3,179.47"
SH10053,04/03/2026,04/06/2026,2026-04-10,4,Harbor Express,Truck,Pittsburgh,Chicago,382.7,812.21
SH10466,2026-04-09,2026-04-11,04/16/2026,5,Harbor Express,Truck,Montreal,Buffalo,1129.6,1668.26
SH10576,2026-03-18,03/20/2026,2026-04-13,24,Atlas Freight,Ocean,Shanghai,Rochester,3364.5,"$2,986.77"
SH10215,2026-08-24,2026-08-27,2026-08-29,3, SUMMIT AIR CARGO,Air,Shanghai,Chicago,169.8,"$1,211.89"
SH11082,06/03/2026,2026-06-04,2026-06-30,27,Northstar Logistics,Ocean,Singapore,Dallas,385.1,544.06
SH11054,07/04/2026,2026-07-07,2026-07-12,6,Harbor Express,Truck,Pittsburgh,Buffalo,2484.4,"$4,104.73"
SH10599,2026-06-03,2026-06-05,2026-06-10,6,Harbour Express,Truck,Montreal,Buffalo,568.7,$973.98
SH10232,2026-03-24,2026-03-25,2026-03-30,5,Atlas Freight,Truck,Toronto,Chicago,758.7,1344.86
SH10579,2026-04-16,2026-04-16,2026-05-07,21,Atlas Freight,Ocean,Rotterdam,New York City,781.2,876.61
SH11184,2026-03-31,2026-04-01,2026-04-05,4,Summit Air Cargo,Air,Shanghai,Rochester,229.1,1458.79
SH10066,2026-05-11,05/14/2026,06/10/2026,27,BlueWave Shipping,Ocean,Rotterdam,Dallas,1993.3,"$2,254.23"
SH10015,2026-07-08,2026-07-08,07/30/2026,23,Atlas Freight,Ocean,Shanghai,Rochester,3698.3,"$3,087.13"
SH10336,2026-02-22,2026-02-25,2026-03-26,25,Northstar Logistics,Ocean,Singapore,Rochester,1576.3,1571.83
SH11036,2026-02-03,2026-02-04,02/28/2026,25,Atlas Freight,Ocean,Singapore,Buffalo,2796.3,2597.01
SH11074,2026-08-03,2026-08-05,08/11/2026,7,Atlas Freight,Truck,Montreal,Atlanta,175.2,460.22
SH10352,2026-07-15,07/17/2026,2026-08-03,18,Northstar Logistics,Ocean,Singapore,Rochester,324.6,$429.40
SH10755,2026-04-04,2026-04-04,04/27/2026,21,Atlas Freight,Ocean,Shanghai,New York City,2808.7,"$3,107.46"
SH10049,2026-01-13,2026-01-13,2026-01-21,8,Harbor Express,Truck,Toronto,Buffalo,1193.3,2320.77
SH11028,2026-02-01,2026-02-04,02/11/2026,8,Harbor Express,Truck,Toronto,Rochester,931.4,"$1,686.82"
SH11115,2026-08-12,2026-08-13,08/14/2026,2,Summit Air Cargo,Air,Frankfurt,Chicago,58.8,$578.56
SH10183,02/27/2026,2026-03-02,2026-03-22,20,atlas freight,Ocean,Shanghai,Dallas,1336.9,"$1,241.79"
SH10199,2026-06-29,07/01/2026,2026-07-27,20,Northstar Logistics,Ocean,Rotterdam,Buffalo,466.5,$574.60
SH10348,2026-03-16,03/16/2026,2026-03-18,2,Summit Air Cargo,Air,Mexico City,Rochester,95.9,925.02
SH10747,01/16/2026,2026-01-18,2026-01-25,7,Harbor Express,Truck,Toronto,Dallas,1044.0,1937.94
SH10019,2026-06-24,06/27/2026,07/03/2026,7,Harbor Express,Truck,Montreal,New York City,1313.8,2035.95
SH10566,2026-07-08,2026-07-11,2026-08-03,24,Atlas Freight,Ocean,Rotterdam,Rochester,3540.8,3739.99
SH10529,2026-06-06,2026-06-09,06/28/2026,20,BlueWave Shipping,Ocean,Shanghai,New York City,1322.1,1206.84
SH10097,2026-08-14,2026-08-14,2026-09-06,24,Northstar Logistics,Ocean,Rotterdam,Buffalo,923.8,906.49
SH10206,2026-05-18,2026-05-18,05/26/2026,8,Atlas Freight,Truck,Toronto,Atlanta,1046.9,"$1,976.25"
SH10334,2026-06-12,2026-06-12,2026-07-01,19,Northstar Logistics,Ocean,Singapore,Dallas,1326.9,"$1,478.38"
SH10181,2026-02-01,2026-02-04,,8,Harbor Express,Truck,Montreal,Dallas,1201.3,"$1,980.83"
SH10177,2026-03-26,2026-03-27,04/02/2026,6,Atlas Freight,Truck,Montreal,Atlanta,63.2,$189.57
SH10285,2026-05-28,2026-05-31,2026-06-07,8,NorthStar Logistics,Truck,Pittsburgh,Chicago,819.8,1781.91
SH10662,06/16/2026,06/17/2026,2026-06-19,2,Summit Air Cargo,Air,Frankfurt,Chicago,12.2,215.15
SH10719,2026-08-02,08/04/2026,08/25/2026,22,BlueWave Shipping,Ocean,Shanghai,Atlanta,4408.4,"$5,014.97"
SH11057,05/27/2026,05/28/2026,2026-06-22,23,BlueWave Shipping,Ocean,Singapore,Rochester,10081.2,10450.44
SH10519,05/02/2026,2026-05-04,2026-05-06,3,Summit Air Cargo,Air,Shanghai,Rochester,18.8,$217.40
SH10736,05/04/2026,05/07/2026,05/26/2026,19,BlueWave Shipping,Ocean,Singapore,Atlanta,4338.8,"$4,278.83"
SH10530,2026-03-31,04/01/2026,04/12/2026,5,Atlas Freight ,Truck,Montreal,Buffalo,1360.2,"$2,233.30"
SH10207,2026-05-16,2026-05-18,2026-05-25,7,Harbor Express,Truck,Montreal,Atlanta,256.2,$478.51
SH10064,2026-03-17,2026-03-17,2026-04-04,19,Northstar Logistics,Ocean,Rotterdam,Atlanta,1036.8,973.87
SH10031,2026-08-09,08/09/2026,2026-09-04,22,BlueWave Shipping,Ocean,Shanghai,Atlanta,2596.6,"$2,325.59"
SH11001,2026-04-08,2026-04-10,04/21/2026,8,Harbor Express,Truck,Toronto,Dallas,1335.7,2361.46
SH10756,2026-03-06,2026-03-07,2026-03-12,6,Harbor Express,Truck,Montreal,Atlanta,662.5,1348.83
SH11191,2026-04-13,2026-04-14,05/11/2026,28,Atlas Freight,Ocean,Shanghai,Chicago,492.7,580.45
SH11182,2026-04-20,2026-04-21,2026-05-18,28,BlueWave Shipping,Ocean,Rotterdam,Rochester,806.4,953.20
SH10090,08/26/2026,2026-08-29,2026-09-26,28,Atlas Freight,Ocean,Rotterdam,Atlanta,1513.3,1545.77
