shipment_id,order_date,ship_date,delivery_date,promised_days,carrier,mode,origin,destination,weight_kg,freight_cost_usd,transit_days,is_late,cost_per_kg,month
SH10122,5/21/2026,5/23/2026,5/31/2026,8,Harbor Express,Truck,Pittsburgh,Chicago,685.5,1269.31,8,FALSE,1.851655726,2026-05
SH10484,8/19/2026,8/21/2026,8/22/2026,2,Summit Air Cargo,Air,Shanghai,Chicago,94.6,690.57,1,FALSE,7.299894292,2026-08
SH10102,4/24/2026,4/24/2026,5/18/2026,24,Northstar Logistics,Ocean,Shanghai,New York City,1536.4,1322.29,24,FALSE,0.86064176,2026-04
SH10485,7/13/2026,7/16/2026,7/21/2026,5,Atlas Freight,Truck,Montreal,Chicago,563.5,1222.96,5,FALSE,2.170292813,2026-07
SH10592,1/9/2026,1/11/2026,1/29/2026,18,Atlas Freight,Ocean,Shanghai,Buffalo,1204.9,1139.19,18,FALSE,0.945464354,2026-01
SH10956,7/27/2026,7/27/2026,7/31/2026,4,Summit Air Cargo,Air,Shanghai,Dallas,97.6,682.23,4,FALSE,6.990061475,2026-07
SH11103,5/12/2026,5/13/2026,5/27/2026,8,Harbor Express,Truck,Pittsburgh,Rochester,1322,2196.47,14,TRUE,1.661475038,2026-05
SH10624,8/17/2026,8/20/2026,8/26/2026,2,Summit Air Cargo,Air,Mexico City,Chicago,149.8,1158.02,6,TRUE,7.730440587,2026-08
SH10884,3/2/2026,3/2/2026,3/8/2026,7,Atlas Freight,Truck,Montreal,Chicago,556.9,978.11,6,FALSE,1.756347639,2026-03
SH10299,8/1/2026,8/4/2026,8/8/2026,5,Atlas Freight,Truck,Montreal,Dallas,65.6,224.74,4,FALSE,3.425914634,2026-08
SH10886,7/25/2026,7/28/2026,8/2/2026,3,Summit Air Cargo,Air,Frankfurt,Buffalo,66.5,627.16,5,TRUE,9.430977444,2026-07
SH10228,5/12/2026,5/12/2026,,8,Harbor Express,Truck,Pittsburgh,Buffalo,101.8,221.27,,FALSE,2.173575639,2026-05
SH10333,4/4/2026,4/6/2026,4/8/2026,3,Summit Air Cargo,Air,Mexico City,Buffalo,211.2,1808.81,2,FALSE,8.564441288,2026-04
SH11129,6/29/2026,7/1/2026,7/27/2026,21,Northstar Logistics,Ocean,Singapore,Dallas,2717.6,2766.82,26,TRUE,1.018111569,2026-06
SH11158,8/17/2026,8/17/2026,8/22/2026,5,Harbor Express,Truck,Pittsburgh,Atlanta,637,1068.08,5,FALSE,1.676734694,2026-08
SH10094,5/22/2026,5/23/2026,5/26/2026,3,Summit Air Cargo,Air,Mexico City,Buffalo,87.7,977.02,3,FALSE,11.14047891,2026-05
SH10835,6/30/2026,7/2/2026,7/30/2026,23,BlueWave Shipping,Ocean,Singapore,Atlanta,1435.3,1490.41,28,TRUE,1.038396154,2026-06
SH11095,2/6/2026,2/9/2026,2/16/2026,8,Harbor Express,Truck,Toronto,Rochester,893.6,1703.77,7,FALSE,1.906636079,2026-02
SH10431,1/18/2026,1/19/2026,2/15/2026,28,BlueWave Shipping,Ocean,Rotterdam,Dallas,1594.5,1744.42,27,FALSE,1.094023205,2026-01
SH10398,5/14/2026,5/16/2026,5/21/2026,5,Northstar Logistics,Truck,Pittsburgh,Chicago,894.7,1625.76,5,FALSE,1.817100704,2026-05
SH10654,7/18/2026,7/18/2026,7/30/2026,6,Northstar Logistics,Truck,Pittsburgh,Dallas,256.8,534.37,12,TRUE,2.080880062,2026-07
SH10992,4/10/2026,4/13/2026,4/17/2026,4,Harbor Express,Truck,Toronto,Atlanta,717.4,1480.45,4,FALSE,2.063632562,2026-04
SH10723,5/28/2026,5/30/2026,6/18/2026,19,BlueWave Shipping,Ocean,Rotterdam,Buffalo,1164.5,1244.05,19,FALSE,1.068312581,2026-05
SH10891,7/12/2026,7/13/2026,7/15/2026,2,Summit Air Cargo,Air,Shanghai,Dallas,87.6,720.79,2,FALSE,8.228196347,2026-07
SH10406,4/14/2026,4/15/2026,4/21/2026,6,Harbor Express,Truck,Montreal,Buffalo,2401.3,4754.65,6,FALSE,1.98003165,2026-04
SH11062,5/18/2026,5/19/2026,6/16/2026,28,BlueWave Shipping,Ocean,Singapore,Rochester,3130,3541.57,28,FALSE,1.131492013,2026-05
SH10155,2/25/2026,2/28/2026,3/3/2026,4,Summit Air Cargo,Air,Frankfurt,New York City,134.7,1104.02,3,FALSE,8.196139569,2026-02
SH10830,8/3/2026,8/5/2026,8/18/2026,8,Northstar Logistics,Truck,Montreal,Buffalo,1360.1,2701.32,13,TRUE,1.986118668,2026-08
SH11193,6/17/2026,6/17/2026,6/19/2026,3,Summit Air Cargo,Air,Mexico City,Rochester,5.4,121.72,2,FALSE,22.54074074,2026-06
SH10699,4/11/2026,4/11/2026,4/19/2026,3,Summit Air Cargo,Air,Frankfurt,New York City,85.3,712.77,8,TRUE,8.356037515,2026-04
SH10914,3/26/2026,3/26/2026,3/30/2026,5,Atlas Freight,Truck,Toronto,New York City,178.5,485.42,4,FALSE,2.719439776,2026-03
SH10260,5/28/2026,5/29/2026,7/3/2026,30,Northstar Logistics,Ocean,Shanghai,Dallas,753.6,719.82,35,TRUE,0.955175159,2026-05
SH11042,6/6/2026,6/6/2026,,20,BlueWave Shipping,Ocean,Shanghai,New York City,2256.7,2257.39,,FALSE,1.000305756,2026-06
SH10046,5/12/2026,5/12/2026,5/19/2026,7,Northstar Logistics,Truck,Toronto,Chicago,1597.3,2593.05,7,FALSE,1.62339573,2026-05
SH10004,5/13/2026,5/13/2026,5/17/2026,4,Northstar Logistics,Truck,Montreal,Atlanta,914.8,1909.45,4,FALSE,2.087286839,2026-05
SH10680,4/1/2026,4/4/2026,4/27/2026,24,Northstar Logistics,Ocean,Shanghai,Chicago,2268.2,2165.96,23,FALSE,0.95492461,2026-04
SH10209,8/18/2026,8/20/2026,8/22/2026,3,Summit Air Cargo,Air,Mexico City,New York City,35.9,332.41,2,FALSE,9.259331476,2026-08
SH10423,4/14/2026,4/15/2026,4/23/2026,8,Harbor Express,Truck,Montreal,Chicago,410,852.94,8,FALSE,2.080341463,2026-04
SH10258,5/23/2026,5/24/2026,6/13/2026,21,BlueWave Shipping,Ocean,Singapore,Atlanta,1183.3,1302.13,20,FALSE,1.100422547,2026-05
SH10995,7/8/2026,7/8/2026,7/12/2026,5,Northstar Logistics,Truck,Pittsburgh,Buffalo,647.6,1019.99,4,FALSE,1.575030883,2026-07
SH10899,4/24/2026,4/25/2026,5/23/2026,27,Atlas Freight,Ocean,Singapore,Rochester,883.7,951.9,28,TRUE,1.077175512,2026-04
SH10400,2/4/2026,2/6/2026,2/27/2026,22,Northstar Logistics,Ocean,Singapore,Chicago,547.1,673.88,21,FALSE,1.231730945,2026-02
SH10343,7/27/2026,7/29/2026,8/5/2026,3,Summit Air Cargo,Air,Mexico City,Chicago,27.6,364.45,7,TRUE,13.20471014,2026-07
SH10158,7/28/2026,7/31/2026,8/29/2026,30,Northstar Logistics,Ocean,Rotterdam,Dallas,750.8,714.26,29,FALSE,0.951331913,2026-07
SH10367,5/8/2026,5/11/2026,5/22/2026,7,Harbor Express,Truck,Montreal,Rochester,377.2,594.52,11,TRUE,1.576139979,2026-05
SH11016,8/4/2026,8/4/2026,8/9/2026,6,Atlas Freight,Truck,Pittsburgh,New York City,1179.6,1895.65,5,FALSE,1.607027806,2026-08
SH10663,4/12/2026,4/15/2026,4/22/2026,8,Northstar Logistics,Truck,Pittsburgh,Atlanta,618.6,1201.75,7,FALSE,1.942693178,2026-04
SH10709,3/18/2026,3/20/2026,4/1/2026,6,Northstar Logistics,Truck,Toronto,Buffalo,1058,2006.9,12,TRUE,1.896880907,2026-03
SH10568,3/1/2026,3/2/2026,3/22/2026,20,BlueWave Shipping,Ocean,Singapore,Buffalo,2751.7,2279.1,20,FALSE,0.828251626,2026-03
SH11006,8/6/2026,8/9/2026,,5,Harbor Express,Truck,Pittsburgh,Dallas,503.8,1132.44,,FALSE,2.247796745,2026-08
SH10212,3/18/2026,3/19/2026,4/14/2026,26,BlueWave Shipping,Ocean,Singapore,New York City,1609.9,1881.57,26,FALSE,1.168749612,2026-03
SH10769,3/4/2026,3/5/2026,3/23/2026,18,BlueWave Shipping,Ocean,Singapore,New York City,1491.4,1705.16,18,FALSE,1.143328416,2026-03
SH11199,3/26/2026,3/26/2026,3/27/2026,2,Summit Air Cargo,Air,Mexico City,Chicago,132.5,915.96,1,FALSE,6.91290566,2026-03
SH10614,1/15/2026,1/18/2026,1/25/2026,7,Northstar Logistics,Truck,Montreal,Chicago,1373.3,2798.52,7,FALSE,2.037806743,2026-01
SH10332,4/7/2026,4/10/2026,4/14/2026,4,Harbor Express,Truck,Toronto,New York City,1303.9,2231.45,4,FALSE,1.711365902,2026-04
SH10455,6/1/2026,6/1/2026,6/23/2026,18,Atlas Freight,Ocean,Rotterdam,Buffalo,782.2,885.12,22,TRUE,1.131577602,2026-06
SH10129,7/19/2026,7/21/2026,7/28/2026,7,Northstar Logistics,Truck,Toronto,Dallas,533.7,1049.8,7,FALSE,1.967022672,2026-07
SH10577,5/15/2026,5/16/2026,5/20/2026,5,Atlas Freight,Truck,Montreal,New York City,1430.6,2288.34,4,FALSE,1.599566615,2026-05
SH10839,2/20/2026,2/22/2026,2/25/2026,4,Summit Air Cargo,Air,Mexico City,Rochester,31,375.99,3,FALSE,12.12870968,2026-02
SH11162,3/2/2026,3/2/2026,3/3/2026,2,Summit Air Cargo,Air,Mexico City,Rochester,49.5,457.96,1,FALSE,9.251717172,2026-03
SH10100,6/18/2026,6/21/2026,7/22/2026,29,Atlas Freight,Ocean,Singapore,Dallas,682.4,733.79,31,TRUE,1.075307737,2026-06
SH10358,2/19/2026,2/20/2026,2/26/2026,7,Atlas Freight,Truck,Montreal,Buffalo,628.3,1348.08,6,FALSE,2.145599236,2026-02
SH10261,4/29/2026,4/30/2026,5/10/2026,7,Harbor Express,Truck,Pittsburgh,Atlanta,250.7,534.53,10,TRUE,2.13214998,2026-04
SH10306,5/18/2026,5/19/2026,6/12/2026,25,BlueWave Shipping,Ocean,Singapore,Atlanta,1088.9,1186.3,24,FALSE,1.089448067,2026-05
SH11143,3/11/2026,3/11/2026,4/10/2026,30,BlueWave Shipping,Ocean,Singapore,Dallas,287,328.75,30,FALSE,1.145470383,2026-03
SH11159,4/12/2026,4/13/2026,4/17/2026,4,Atlas Freight,Truck,Montreal,Buffalo,278.8,595.93,4,FALSE,2.137482066,2026-04
SH10159,2/21/2026,2/23/2026,,4,Harbor Express,Truck,Toronto,Rochester,1260.3,1940.78,,FALSE,1.539934936,2026-02
SH10557,8/8/2026,8/10/2026,9/2/2026,23,BlueWave Shipping,Ocean,Rotterdam,Atlanta,2167,2338.29,23,FALSE,1.079044762,2026-08
SH10032,7/19/2026,7/19/2026,7/22/2026,4,Atlas Freight,Truck,Pittsburgh,Atlanta,941,1614.52,3,FALSE,1.715749203,2026-07
SH10600,5/14/2026,5/14/2026,5/19/2026,5,Northstar Logistics,Truck,Pittsburgh,Chicago,946.4,1413.46,5,FALSE,1.493512257,2026-05
SH10318,7/1/2026,7/3/2026,7/11/2026,5,Atlas Freight,Truck,Pittsburgh,Buffalo,596.3,980.38,8,TRUE,1.644105316,2026-07
SH10683,8/20/2026,8/22/2026,9/11/2026,20,Northstar Logistics,Ocean,Shanghai,Chicago,1460.1,1351.11,20,FALSE,0.925354428,2026-08
SH10797,6/27/2026,6/30/2026,7/30/2026,25,Northstar Logistics,Ocean,Singapore,Dallas,317.2,485.46,30,TRUE,1.530453972,2026-06
SH11190,3/26/2026,3/28/2026,3/30/2026,2,Summit Air Cargo,Air,Frankfurt,New York City,136.1,991.53,2,FALSE,7.285304923,2026-03
SH10876,6/7/2026,6/9/2026,7/7/2026,29,Atlas Freight,Ocean,Rotterdam,Chicago,1720.1,1898.86,28,FALSE,1.10392419,2026-06
SH10831,3/22/2026,3/24/2026,4/21/2026,22,Atlas Freight,Ocean,Shanghai,Dallas,583.2,814.47,28,TRUE,1.396553498,2026-03
SH10629,3/17/2026,3/17/2026,3/19/2026,2,Summit Air Cargo,Air,Frankfurt,Dallas,95,716.97,2,FALSE,7.547052632,2026-03
SH10827,1/27/2026,1/27/2026,1/28/2026,2,Summit Air Cargo,Air,Frankfurt,Atlanta,187.3,1497.16,1,FALSE,7.993379605,2026-01
SH10650,4/2/2026,4/5/2026,4/8/2026,3,Summit Air Cargo,Air,Mexico City,Atlanta,40.6,286.39,3,FALSE,7.053940887,2026-04
SH10245,7/5/2026,7/5/2026,7/22/2026,18,BlueWave Shipping,Ocean,Singapore,Rochester,2356.6,2336.32,17,FALSE,0.991394382,2026-07
SH10301,1/19/2026,1/20/2026,2/10/2026,22,BlueWave Shipping,Ocean,Rotterdam,Rochester,5994.1,5840.18,21,FALSE,0.974321416,2026-01
SH11004,2/28/2026,3/3/2026,3/6/2026,4,Summit Air Cargo,Air,Frankfurt,Rochester,154,1213.76,3,FALSE,7.881558442,2026-02
SH10279,6/10/2026,6/11/2026,7/1/2026,20,Atlas Freight,Ocean,Rotterdam,New York City,1448.3,1271.94,20,FALSE,0.878229649,2026-06
SH10696,4/30/2026,4/30/2026,5/3/2026,3,Summit Air Cargo,Air,Shanghai,Chicago,14.8,151.8,3,FALSE,10.25675676,2026-04
SH10125,7/3/2026,7/3/2026,7/8/2026,5,Harbor Express,Truck,Montreal,Chicago,178.4,409.64,5,FALSE,2.296188341,2026-07
SH10806,8/23/2026,8/24/2026,9/1/2026,8,Northstar Logistics,Truck,Pittsburgh,Buffalo,309,552.4,8,FALSE,1.787702265,2026-08
SH11127,2/13/2026,2/13/2026,2/17/2026,5,Harbor Express,Truck,Montreal,New York City,414.8,825.91,4,FALSE,1.991104147,2026-02
SH10800,6/26/2026,6/28/2026,7/2/2026,4,Summit Air Cargo,Air,Shanghai,Chicago,221,1833.28,4,FALSE,8.295384615,2026-06
SH10195,8/8/2026,8/8/2026,8/22/2026,8,Harbor Express,Truck,Montreal,New York City,244.7,605.01,14,TRUE,2.472456069,2026-08
SH10907,3/17/2026,3/17/2026,3/21/2026,4,Harbor Express,Truck,Toronto,Atlanta,1042.4,1908.34,4,FALSE,1.830717575,2026-03
SH10718,6/17/2026,6/18/2026,6/25/2026,7,Atlas Freight,Truck,Pittsburgh,Rochester,758.4,1572.58,7,FALSE,2.073549578,2026-06
SH10950,2/13/2026,2/14/2026,3/3/2026,18,BlueWave Shipping,Ocean,Rotterdam,Dallas,2513.5,2934.71,17,FALSE,1.167579073,2026-02
SH10242,7/7/2026,7/7/2026,8/6/2026,24,Northstar Logistics,Ocean,Shanghai,Atlanta,1460.1,3301.95,30,TRUE,2.261454695,2026-07
SH10154,4/28/2026,4/28/2026,4/30/2026,3,Summit Air Cargo,Air,Shanghai,Buffalo,4.6,136,2,FALSE,29.56521739,2026-04
SH10483,6/14/2026,6/15/2026,6/17/2026,2,Summit Air Cargo,Air,Mexico City,Chicago,93.3,635.31,2,FALSE,6.809324759,2026-06
SH11149,7/31/2026,7/31/2026,8/4/2026,4,Summit Air Cargo,Air,Shanghai,Dallas,72.9,699.89,4,FALSE,9.600685871,2026-07
SH10435,1/8/2026,1/9/2026,1/13/2026,4,Atlas Freight,Truck,Pittsburgh,Chicago,313.7,504.29,4,FALSE,1.607554989,2026-01
SH10494,4/19/2026,4/22/2026,4/29/2026,7,Atlas Freight,Truck,Montreal,Atlanta,944.8,1698.59,7,FALSE,1.797830229,2026-04
SH10913,6/9/2026,6/12/2026,6/19/2026,4,Summit Air Cargo,Air,Mexico City,Chicago,61.6,621.84,7,TRUE,10.09480519,2026-06
SH10700,3/26/2026,3/29/2026,4/19/2026,20,Atlas Freight,Ocean,Shanghai,Rochester,4001.5,3199.18,21,TRUE,0.799495189,2026-03
SH11168,6/27/2026,6/29/2026,7/28/2026,28,Northstar Logistics,Ocean,Singapore,Rochester,883,1007.6,29,TRUE,1.141109853,2026-06
SH10458,3/29/2026,4/1/2026,4/12/2026,5,Harbor Express,Truck,Montreal,Buffalo,2863.2,4355.67,11,TRUE,1.52125943,2026-03
SH10498,6/17/2026,6/19/2026,7/6/2026,18,Atlas Freight,Ocean,Rotterdam,Chicago,1050.7,1258.2,17,FALSE,1.197487389,2026-06
SH10074,1/6/2026,1/9/2026,1/16/2026,7,Harbor Express,Truck,Pittsburgh,New York City,199.5,362.75,7,FALSE,1.818295739,2026-01
SH11166,1/18/2026,1/19/2026,1/21/2026,2,Summit Air Cargo,Air,Frankfurt,Buffalo,90.3,634.31,2,FALSE,7.024473976,2026-01
SH10085,1/19/2026,1/22/2026,2/24/2026,28,BlueWave Shipping,Ocean,Shanghai,Buffalo,1460.1,721.28,33,TRUE,0.493993562,2026-01
SH10607,3/15/2026,3/18/2026,3/21/2026,3,Summit Air Cargo,Air,Mexico City,New York City,118.8,835.92,3,FALSE,7.036363636,2026-03
SH10962,1/26/2026,1/26/2026,1/30/2026,4,Atlas Freight,Truck,Montreal,Atlanta,206.2,509.41,4,FALSE,2.470465567,2026-01
SH10018,3/31/2026,4/3/2026,4/7/2026,4,Northstar Logistics,Truck,Toronto,Rochester,751.1,1354.11,4,FALSE,1.802835841,2026-03
SH10676,3/10/2026,3/12/2026,4/8/2026,25,Northstar Logistics,Ocean,Rotterdam,New York City,3595.9,3937.26,27,TRUE,1.094930337,2026-03
SH10725,8/5/2026,8/5/2026,9/3/2026,30,Northstar Logistics,Ocean,Rotterdam,New York City,4503.8,4672.92,29,FALSE,1.037550513,2026-08
SH10524,1/23/2026,1/26/2026,1/30/2026,4,Summit Air Cargo,Air,Mexico City,Atlanta,56.1,602.75,4,FALSE,10.74420677,2026-01
SH10668,5/18/2026,5/18/2026,6/13/2026,26,BlueWave Shipping,Ocean,Singapore,Dallas,1702.2,1501.69,26,FALSE,0.882205381,2026-05
SH10336,2/22/2026,2/25/2026,3/26/2026,25,Northstar Logistics,Ocean,Singapore,Rochester,1576.3,1571.83,29,TRUE,0.997164245,2026-02
SH11112,5/31/2026,6/1/2026,6/5/2026,5,Northstar Logistics,Truck,Toronto,Atlanta,720.2,1391.57,4,FALSE,1.932199389,2026-05
SH10674,3/16/2026,3/16/2026,4/18/2026,28,Atlas Freight,Ocean,Shanghai,Atlanta,6407.8,5217.97,33,TRUE,0.814315366,2026-03
SH10293,3/6/2026,3/7/2026,3/27/2026,21,BlueWave Shipping,Ocean,Rotterdam,Rochester,2136.2,2317.85,20,FALSE,1.085034173,2026-03
SH10632,1/17/2026,1/18/2026,1/24/2026,7,Northstar Logistics,Truck,Montreal,New York City,1041.3,1741.43,6,FALSE,1.672361471,2026-01
SH11009,2/16/2026,2/17/2026,2/21/2026,4,Harbor Express,Truck,Toronto,Chicago,784.9,1598.21,4,FALSE,2.036195694,2026-02
SH10901,6/27/2026,6/29/2026,7/4/2026,5,Atlas Freight,Truck,Montreal,Buffalo,675.9,1919.91,5,FALSE,2.840523746,2026-06
SH10009,4/11/2026,4/14/2026,5/4/2026,21,BlueWave Shipping,Ocean,Shanghai,Chicago,531,554.04,20,FALSE,1.043389831,2026-04
SH11136,3/2/2026,3/2/2026,3/4/2026,3,Summit Air Cargo,Air,Shanghai,Atlanta,140,1307.59,2,FALSE,9.339928571,2026-03
SH10162,7/21/2026,7/22/2026,8/16/2026,26,Atlas Freight,Ocean,Shanghai,Dallas,1460.1,1546.67,25,FALSE,1.05929046,2026-07
SH10813,5/17/2026,5/19/2026,6/18/2026,30,Atlas Freight,Ocean,Singapore,Dallas,1046.7,1289.09,30,FALSE,1.231575428,2026-05
SH10203,6/26/2026,6/28/2026,7/25/2026,28,Atlas Freight,Ocean,Singapore,New York City,1586.8,1863.61,27,FALSE,1.174445425,2026-06
SH10690,4/1/2026,4/4/2026,4/7/2026,4,Summit Air Cargo,Air,Shanghai,Atlanta,84.1,626.66,3,FALSE,7.45136742,2026-04
SH10560,2/21/2026,2/22/2026,2/28/2026,7,Harbor Express,Truck,Toronto,Dallas,194.1,543.24,6,FALSE,2.798763524,2026-02
SH10821,3/22/2026,3/23/2026,3/26/2026,3,Summit Air Cargo,Air,Mexico City,Rochester,51.9,394.99,3,FALSE,7.610597303,2026-03
SH10726,8/7/2026,8/10/2026,8/17/2026,7,Harbor Express,Truck,Toronto,New York City,457.9,840.73,7,FALSE,1.836055907,2026-08
SH10414,6/17/2026,6/18/2026,6/24/2026,6,Harbor Express,Truck,Pittsburgh,New York City,865.4,1854.29,6,FALSE,2.142697019,2026-06
SH10740,1/19/2026,1/21/2026,1/27/2026,6,Harbor Express,Truck,Montreal,New York City,163.9,291.78,6,FALSE,1.780231849,2026-01
SH10809,7/15/2026,7/15/2026,8/8/2026,24,BlueWave Shipping,Ocean,Singapore,Dallas,570.6,804.22,24,FALSE,1.409428672,2026-07
SH10328,6/14/2026,6/16/2026,7/8/2026,23,Northstar Logistics,Ocean,Rotterdam,Rochester,2269.7,2143.87,22,FALSE,0.944560955,2026-06
SH10616,1/18/2026,1/21/2026,2/11/2026,21,BlueWave Shipping,Ocean,Rotterdam,Atlanta,2193.7,2227.46,21,FALSE,1.015389525,2026-01
SH10745,2/22/2026,2/22/2026,3/21/2026,27,BlueWave Shipping,Ocean,Singapore,Rochester,737,818.18,27,FALSE,1.110149254,2026-02
SH11181,8/22/2026,8/25/2026,9/18/2026,24,Northstar Logistics,Ocean,Rotterdam,New York City,196.7,341.52,24,FALSE,1.736248094,2026-08
SH11069,3/7/2026,3/8/2026,3/31/2026,18,Atlas Freight,Ocean,Shanghai,Atlanta,2046.7,2316.97,23,TRUE,1.132051595,2026-03
SH10687,1/27/2026,1/30/2026,3/4/2026,28,BlueWave Shipping,Ocean,Shanghai,Dallas,1715.5,1462.53,33,TRUE,0.852538618,2026-01
SH10030,3/1/2026,3/4/2026,3/30/2026,21,BlueWave Shipping,Ocean,Shanghai,Atlanta,4806.6,3931.39,26,TRUE,0.81791495,2026-03
SH10495,8/2/2026,8/4/2026,8/23/2026,20,Atlas Freight,Ocean,Singapore,Rochester,2010.5,2334.1,19,FALSE,1.160954986,2026-08
SH10395,3/23/2026,3/26/2026,3/30/2026,5,Harbor Express,Truck,Montreal,Atlanta,157.8,269.97,4,FALSE,1.710836502,2026-03
SH10168,6/12/2026,6/12/2026,7/5/2026,20,Atlas Freight,Ocean,Singapore,Buffalo,2845,2539.89,23,TRUE,0.892755712,2026-06
SH11058,4/30/2026,5/3/2026,5/31/2026,29,Northstar Logistics,Ocean,Rotterdam,Buffalo,5190.3,5573,28,FALSE,1.073733696,2026-04
SH10713,7/18/2026,7/20/2026,8/14/2026,23,Atlas Freight,Ocean,Singapore,Buffalo,4744.1,4798.99,25,TRUE,1.011570161,2026-07
SH10701,3/19/2026,3/21/2026,4/15/2026,26,BlueWave Shipping,Ocean,Shanghai,Buffalo,1720.2,1662.39,25,FALSE,0.966393443,2026-03
SH10633,5/6/2026,5/9/2026,5/13/2026,4,Summit Air Cargo,Air,Mexico City,Buffalo,28.5,320.54,4,FALSE,11.24701754,2026-05
SH10417,1/31/2026,2/3/2026,2/7/2026,4,Harbor Express,Truck,Toronto,New York City,324.5,700.81,4,FALSE,2.159661017,2026-01
SH10371,3/3/2026,3/4/2026,3/25/2026,21,BlueWave Shipping,Ocean,Shanghai,Dallas,868.6,1028.39,21,FALSE,1.183962699,2026-03
SH10474,7/10/2026,7/12/2026,7/16/2026,4,Harbor Express,Truck,Toronto,Buffalo,414.9,787.13,4,FALSE,1.897155941,2026-07
SH10361,3/16/2026,3/17/2026,3/28/2026,6,Atlas Freight,Truck,Pittsburgh,New York City,1367.5,2210.68,11,TRUE,1.616585009,2026-03
SH11104,8/27/2026,8/28/2026,8/31/2026,4,Summit Air Cargo,Air,Shanghai,New York City,47,566.98,3,FALSE,12.06340426,2026-08
SH10310,4/25/2026,4/27/2026,4/30/2026,4,Harbor Express,Truck,Toronto,Rochester,1923.2,3602.54,3,FALSE,1.873200915,2026-04
SH10366,4/6/2026,4/7/2026,4/13/2026,7,Harbor Express,Truck,Pittsburgh,Dallas,990.3,2101.6,6,FALSE,2.122185196,2026-04
SH10758,6/13/2026,6/15/2026,6/23/2026,7,Harbor Express,Truck,Pittsburgh,Atlanta,707.7,1410.84,8,TRUE,1.993556592,2026-06
SH10965,1/10/2026,1/10/2026,1/14/2026,4,Summit Air Cargo,Air,Mexico City,Buffalo,118.4,1089.33,4,FALSE,9.200422297,2026-01
SH10250,8/20/2026,8/22/2026,9/14/2026,24,Atlas Freight,Ocean,Shanghai,Rochester,1127.5,1104.27,23,FALSE,0.979396896,2026-08
SH10653,7/21/2026,7/24/2026,7/27/2026,3,Summit Air Cargo,Air,Frankfurt,Buffalo,214.9,1692.35,3,FALSE,7.875058167,2026-07
SH10984,8/17/2026,8/19/2026,8/23/2026,4,Harbor Express,Truck,Montreal,Buffalo,1163.1,1873.33,4,FALSE,1.610635371,2026-08
SH10707,2/20/2026,2/20/2026,2/26/2026,7,Harbor Express,Truck,Toronto,Buffalo,2486.3,4514.15,6,FALSE,1.81560954,2026-02
SH10751,5/31/2026,6/2/2026,6/8/2026,6,Harbor Express,Truck,Montreal,Rochester,577.4,1128.81,6,FALSE,1.954987877,2026-05
SH10489,7/13/2026,7/15/2026,7/25/2026,4,Northstar Logistics,Truck,Montreal,Atlanta,436.1,884.57,10,TRUE,2.028365054,2026-07
SH10989,4/15/2026,4/16/2026,5/14/2026,28,Atlas Freight,Ocean,Rotterdam,New York City,1460.1,2165.34,28,FALSE,1.483008013,2026-04
SH10240,1/14/2026,1/17/2026,2/5/2026,20,BlueWave Shipping,Ocean,Singapore,New York City,537,575.01,19,FALSE,1.070782123,2026-01
SH10101,6/23/2026,6/26/2026,7/23/2026,28,BlueWave Shipping,Ocean,Shanghai,Chicago,1657.5,1768.37,27,FALSE,1.066889894,2026-06
SH10773,5/24/2026,5/27/2026,6/21/2026,25,BlueWave Shipping,Ocean,Singapore,Rochester,969.7,1141.06,25,FALSE,1.176714448,2026-05
SH11027,2/2/2026,2/5/2026,2/13/2026,4,Summit Air Cargo,Air,Shanghai,Atlanta,75.3,587.55,8,TRUE,7.802788845,2026-02
SH11084,2/8/2026,2/8/2026,2/11/2026,4,Harbor Express,Truck,Montreal,Chicago,202.6,484.04,3,FALSE,2.389141165,2026-02
SH11151,6/22/2026,6/24/2026,6/27/2026,4,Northstar Logistics,Truck,Montreal,Atlanta,574.3,1023.26,3,FALSE,1.781751698,2026-06
SH10656,8/3/2026,8/6/2026,8/13/2026,7,Harbor Express,Truck,Toronto,Atlanta,1975.4,3718.22,7,FALSE,1.88226182,2026-08
SH10556,5/3/2026,5/3/2026,5/30/2026,28,BlueWave Shipping,Ocean,Rotterdam,Rochester,1460.1,1363.68,27,FALSE,0.933963427,2026-05
SH10267,7/18/2026,7/19/2026,8/10/2026,22,BlueWave Shipping,Ocean,Rotterdam,Buffalo,2098.4,2366.6,22,FALSE,1.127811666,2026-07
SH10691,8/27/2026,8/30/2026,9/6/2026,8,Harbor Express,Truck,Pittsburgh,New York City,586.4,923.49,7,FALSE,1.574846521,2026-08
SH10822,3/17/2026,3/17/2026,3/22/2026,5,Harbor Express,Truck,Pittsburgh,Rochester,480.3,869.55,5,FALSE,1.810430981,2026-03
SH10679,7/20/2026,7/20/2026,7/27/2026,8,Harbor Express,Truck,Toronto,Buffalo,1426.5,2740.71,7,FALSE,1.92128286,2026-07
SH10585,2/1/2026,2/1/2026,2/2/2026,2,Summit Air Cargo,Air,Frankfurt,Rochester,208.8,1308.74,1,FALSE,6.267911877,2026-02
SH10309,5/12/2026,5/12/2026,6/8/2026,28,Atlas Freight,Ocean,Singapore,Chicago,1264.9,1411.19,27,FALSE,1.115653411,2026-05
SH10117,7/22/2026,7/24/2026,8/23/2026,30,Atlas Freight,Ocean,Singapore,Chicago,388.5,600.82,30,FALSE,1.546512227,2026-07
SH10419,5/10/2026,5/10/2026,5/18/2026,8,Harbor Express,Truck,Toronto,Dallas,767.4,1274.74,8,FALSE,1.661115455,2026-05
SH10988,3/21/2026,3/23/2026,4/12/2026,21,Atlas Freight,Ocean,Rotterdam,New York City,3776.4,3437.57,20,FALSE,0.910276983,2026-03
SH10190,7/22/2026,7/24/2026,8/19/2026,23,BlueWave Shipping,Ocean,Rotterdam,Dallas,778.8,942.44,26,TRUE,1.21011813,2026-07
SH10388,8/13/2026,8/16/2026,8/18/2026,3,Summit Air Cargo,Air,Shanghai,Rochester,159,1090.44,2,FALSE,6.858113208,2026-08
SH10517,4/16/2026,4/19/2026,5/15/2026,26,BlueWave Shipping,Ocean,Singapore,Dallas,1316.5,1159.37,26,FALSE,0.880645651,2026-04
SH10521,3/1/2026,3/1/2026,3/8/2026,7,Atlas Freight,Truck,Toronto,New York City,1682.8,3257.62,7,FALSE,1.935833135,2026-03
SH10196,1/27/2026,1/28/2026,2/5/2026,8,Harbor Express,Truck,Pittsburgh,Rochester,675.9,911.83,8,FALSE,1.349060512,2026-01
SH11101,2/8/2026,2/11/2026,2/14/2026,4,Harbor Express,Truck,Toronto,Rochester,1133,2016.15,3,FALSE,1.779479259,2026-02
SH10836,2/28/2026,3/1/2026,3/5/2026,5,Atlas Freight,Truck,Pittsburgh,Buffalo,471.1,923.74,4,FALSE,1.960815114,2026-02
SH10054,5/20/2026,5/22/2026,6/13/2026,23,BlueWave Shipping,Ocean,Singapore,New York City,1146.9,1064.92,22,FALSE,0.928520359,2026-05
SH11025,6/22/2026,6/23/2026,6/26/2026,4,Summit Air Cargo,Air,Mexico City,Atlanta,69.5,673.39,3,FALSE,9.689064748,2026-06
SH11081,5/24/2026,5/24/2026,5/27/2026,3,Summit Air Cargo,Air,Mexico City,Atlanta,44.1,308.24,3,FALSE,6.989569161,2026-05
SH10448,5/14/2026,5/15/2026,6/7/2026,23,BlueWave Shipping,Ocean,Shanghai,Dallas,1149.2,1253.62,23,FALSE,1.090863209,2026-05
SH10479,7/13/2026,7/15/2026,7/19/2026,4,Summit Air Cargo,Air,Mexico City,Chicago,104.8,775.54,4,FALSE,7.40019084,2026-07
SH10555,1/13/2026,1/13/2026,1/19/2026,7,Harbor Express,Truck,Toronto,Chicago,664.8,1427.6,6,FALSE,2.147412756,2026-01
SH11048,5/31/2026,5/31/2026,6/5/2026,6,Atlas Freight,Truck,Montreal,New York City,847.6,1759.31,5,FALSE,2.075637093,2026-05
SH11118,5/30/2026,5/30/2026,6/6/2026,8,Harbor Express,Truck,Toronto,Buffalo,216.5,379.41,7,FALSE,1.752471132,2026-05
SH10590,4/21/2026,4/21/2026,5/13/2026,22,Northstar Logistics,Ocean,Shanghai,Atlanta,1506.4,1664.29,22,FALSE,1.104812799,2026-04
SH10539,3/3/2026,3/4/2026,3/9/2026,6,Harbor Express,Truck,Toronto,Chicago,497.7,840.32,5,FALSE,1.688406671,2026-03
SH10732,1/30/2026,1/30/2026,2/4/2026,5,Atlas Freight,Truck,Montreal,Buffalo,446.4,1008.35,5,FALSE,2.258848566,2026-01
SH11110,1/25/2026,1/25/2026,2/2/2026,8,Harbor Express,Truck,Toronto,New York City,255.2,616.73,8,FALSE,2.416653605,2026-01
SH10817,5/17/2026,5/19/2026,5/27/2026,8,Harbor Express,Truck,Pittsburgh,Buffalo,1400.4,2697.42,8,FALSE,1.926178235,2026-05
SH10462,3/19/2026,3/22/2026,3/28/2026,7,Atlas Freight,Truck,Pittsburgh,Dallas,640.9,1216.11,6,FALSE,1.897503511,2026-03
SH10814,6/7/2026,6/10/2026,7/1/2026,21,BlueWave Shipping,Ocean,Singapore,Rochester,1664,1886.82,21,FALSE,1.13390625,2026-06
SH10840,6/24/2026,6/26/2026,7/5/2026,5,Atlas Freight,Truck,Toronto,Chicago,180.5,345.53,9,TRUE,1.914293629,2026-06
SH10005,6/15/2026,6/16/2026,6/20/2026,4,Atlas Freight,Truck,Toronto,Atlanta,325.1,707.99,4,FALSE,2.177760689,2026-06
SH10277,7/3/2026,7/3/2026,7/7/2026,4,Summit Air Cargo,Air,Shanghai,Buffalo,82.6,662.22,4,FALSE,8.017191283,2026-07
SH10681,1/24/2026,1/24/2026,,3,Summit Air Cargo,Air,Shanghai,Dallas,73.2,480.52,,FALSE,6.564480874,2026-01
SH10322,8/5/2026,8/5/2026,8/12/2026,4,Harbor Express,Truck,Montreal,Chicago,584.2,1109.8,7,TRUE,1.899691886,2026-08
SH10375,6/20/2026,6/22/2026,7/4/2026,7,Harbor Express,Truck,Montreal,Chicago,412.1,799.7,12,TRUE,1.940548411,2026-06
SH11011,8/17/2026,8/20/2026,8/22/2026,2,Summit Air Cargo,Air,Shanghai,Buffalo,31.6,384.4,2,FALSE,12.16455696,2026-08
SH10796,3/24/2026,3/24/2026,4/14/2026,22,BlueWave Shipping,Ocean,Shanghai,Chicago,2541.8,2166.95,21,FALSE,0.852525769,2026-03
SH10302,5/29/2026,5/29/2026,6/4/2026,6,Northstar Logistics,Truck,Pittsburgh,Rochester,1656.1,3175.85,6,FALSE,1.917668015,2026-05
SH10918,3/31/2026,3/31/2026,4/25/2026,26,Atlas Freight,Ocean,Singapore,Buffalo,1251.9,1462.46,25,FALSE,1.168192348,2026-03
SH10767,2/10/2026,2/10/2026,3/5/2026,23,Northstar Logistics,Ocean,Rotterdam,Atlanta,3088.2,3207.26,23,FALSE,1.038553203,2026-02
SH10815,7/22/2026,7/25/2026,7/28/2026,3,Summit Air Cargo,Air,Shanghai,New York City,87.7,1472.06,3,FALSE,16.78517674,2026-07
SH10874,6/17/2026,6/17/2026,6/24/2026,7,Harbor Express,Truck,Pittsburgh,Rochester,864.8,1506.69,7,FALSE,1.742240981,2026-06
SH10581,7/21/2026,7/21/2026,7/24/2026,4,Summit Air Cargo,Air,Mexico City,Dallas,56.9,511.96,3,FALSE,8.997539543,2026-07
SH10688,5/5/2026,5/7/2026,5/15/2026,8,Atlas Freight,Truck,Pittsburgh,Buffalo,1461.5,2893.12,8,FALSE,1.979555251,2026-05
SH11007,4/9/2026,4/12/2026,4/15/2026,4,Atlas Freight,Truck,Toronto,Buffalo,675.9,1409.95,3,FALSE,2.086033437,2026-04
SH10321,8/27/2026,8/27/2026,9/1/2026,5,Harbor Express,Truck,Montreal,Atlanta,316.1,540.69,5,FALSE,1.710503005,2026-08
SH10148,4/5/2026,4/6/2026,4/30/2026,25,Northstar Logistics,Ocean,Shanghai,Rochester,1878.9,1756.15,24,FALSE,0.934669221,2026-04
SH10305,4/7/2026,4/9/2026,5/8/2026,29,BlueWave Shipping,Ocean,Rotterdam,New York City,680.2,800.07,29,FALSE,1.17622758,2026-04
SH10855,3/29/2026,3/30/2026,4/4/2026,5,Northstar Logistics,Truck,Toronto,Buffalo,548,1199.19,5,FALSE,2.18830292,2026-03
SH10728,3/1/2026,3/1/2026,3/7/2026,6,Harbor Express,Truck,Pittsburgh,Dallas,394.5,816.74,6,FALSE,2.070316857,2026-03
SH10761,5/25/2026,5/28/2026,6/22/2026,19,BlueWave Shipping,Ocean,Singapore,Dallas,3007.1,2842.85,25,TRUE,0.945379269,2026-05
SH10445,8/11/2026,8/12/2026,8/16/2026,4,Summit Air Cargo,Air,Mexico City,Chicago,77.3,659.24,4,FALSE,8.528331177,2026-08
SH10342,3/2/2026,3/3/2026,3/10/2026,7,Atlas Freight,Truck,Toronto,Rochester,359,797.12,7,FALSE,2.220389972,2026-03
SH10503,4/18/2026,4/20/2026,,6,Atlas Freight,Truck,Montreal,Buffalo,706,1481.53,,FALSE,2.098484419,2026-04
SH10059,5/1/2026,5/1/2026,5/23/2026,22,Northstar Logistics,Ocean,Rotterdam,Rochester,2413.9,1987.01,22,FALSE,0.823153403,2026-05
SH10249,5/3/2026,5/3/2026,5/9/2026,5,Northstar Logistics,Truck,Pittsburgh,Dallas,2578.6,4362.73,6,TRUE,1.691898705,2026-05
SH10093,7/6/2026,7/6/2026,7/16/2026,4,Northstar Logistics,Truck,Toronto,Chicago,246.4,613.87,10,TRUE,2.491355519,2026-07
SH10850,2/5/2026,2/8/2026,2/15/2026,7,Harbor Express,Truck,Montreal,Dallas,520.8,911.09,7,FALSE,1.749404762,2026-02
SH10513,7/28/2026,7/31/2026,8/8/2026,3,Summit Air Cargo,Air,Shanghai,Atlanta,28.5,344.6,8,TRUE,12.09122807,2026-07
SH10396,2/20/2026,2/23/2026,3/28/2026,30,BlueWave Shipping,Ocean,Shanghai,Atlanta,1778,1817.37,33,TRUE,1.022142857,2026-02
SH10808,8/15/2026,8/16/2026,8/22/2026,6,Harbor Express,Truck,Toronto,Atlanta,1280.5,2014.89,6,FALSE,1.573518157,2026-08
SH11034,2/19/2026,2/19/2026,3/21/2026,30,BlueWave Shipping,Ocean,Shanghai,New York City,3939.5,4435.53,30,FALSE,1.125911918,2026-02
SH10639,4/20/2026,4/23/2026,4/29/2026,7,Harbor Express,Truck,Pittsburgh,Rochester,357.9,740.93,6,FALSE,2.070215144,2026-04
SH10324,1/18/2026,1/19/2026,1/22/2026,4,Summit Air Cargo,Air,Frankfurt,Rochester,87.7,556.45,3,FALSE,6.344925884,2026-01
SH10854,3/10/2026,3/12/2026,4/9/2026,28,Atlas Freight,Ocean,Rotterdam,Buffalo,900.2,922.33,28,FALSE,1.024583426,2026-03
SH10857,6/28/2026,7/1/2026,,26,Atlas Freight,Ocean,Rotterdam,Rochester,1522,1302.74,,FALSE,0.855939553,2026-06
SH10554,4/14/2026,4/16/2026,5/9/2026,23,Atlas Freight,Ocean,Rotterdam,Buffalo,3232.3,2894.18,23,FALSE,0.895393373,2026-04
SH11135,4/4/2026,4/6/2026,4/13/2026,7,Harbor Express,Truck,Toronto,Atlanta,675.9,1082.87,7,FALSE,1.602115698,2026-04
SH10070,8/19/2026,8/21/2026,9/10/2026,21,Northstar Logistics,Ocean,Singapore,Chicago,567.3,699.58,20,FALSE,1.233174687,2026-08
SH11167,1/5/2026,1/6/2026,1/12/2026,6,Harbor Express,Truck,Pittsburgh,Atlanta,1259,2439.99,6,FALSE,1.938038125,2026-01
SH10987,8/25/2026,8/25/2026,9/18/2026,24,BlueWave Shipping,Ocean,Rotterdam,New York City,545.1,644.17,24,FALSE,1.181746469,2026-08
SH11060,5/27/2026,5/30/2026,6/2/2026,4,Northstar Logistics,Truck,Pittsburgh,Buffalo,411.1,690.81,3,FALSE,1.680394065,2026-05
SH10204,2/13/2026,2/14/2026,3/13/2026,22,Northstar Logistics,Ocean,Singapore,Atlanta,1290.4,1181.29,27,TRUE,0.915444823,2026-02
SH10319,3/28/2026,3/29/2026,4/18/2026,20,Atlas Freight,Ocean,Rotterdam,Dallas,1718.6,1838.55,20,FALSE,1.069795182,2026-03
SH10589,3/11/2026,3/11/2026,4/12/2026,28,Northstar Logistics,Ocean,Rotterdam,Rochester,202.5,230.17,32,TRUE,1.136641975,2026-03
SH10345,8/1/2026,8/2/2026,8/29/2026,22,BlueWave Shipping,Ocean,Rotterdam,Rochester,4232.9,4510.71,27,TRUE,1.065631128,2026-08
SH10344,3/11/2026,3/13/2026,3/23/2026,5,Northstar Logistics,Truck,Pittsburgh,Rochester,1703.2,3026.08,10,TRUE,1.776702677,2026-03
SH10383,5/3/2026,5/4/2026,5/16/2026,7,Atlas Freight,Truck,Montreal,Buffalo,327,715.58,12,TRUE,2.188318043,2026-05
SH10646,7/17/2026,7/17/2026,7/23/2026,6,Harbor Express,Truck,Montreal,New York City,477.7,1036.48,6,FALSE,2.169729956,2026-07
SH10286,6/29/2026,7/2/2026,7/6/2026,5,Harbor Express,Truck,Toronto,Dallas,3117.6,5795.31,4,FALSE,1.858901078,2026-06
SH11008,5/13/2026,5/13/2026,5/18/2026,6,Harbor Express,Truck,Toronto,Chicago,222.9,462,5,FALSE,2.072678331,2026-05
SH10080,3/27/2026,3/30/2026,4/20/2026,21,Northstar Logistics,Ocean,Rotterdam,Chicago,262.9,416.59,21,FALSE,1.584594903,2026-03
SH10651,5/13/2026,5/13/2026,6/3/2026,21,Atlas Freight,Ocean,Rotterdam,Dallas,922.7,1048.49,21,FALSE,1.136328167,2026-05
SH10210,8/20/2026,8/23/2026,9/20/2026,24,Northstar Logistics,Ocean,Rotterdam,New York City,306.4,322.6,28,TRUE,1.052872063,2026-08
SH10824,8/27/2026,8/28/2026,8/30/2026,3,Summit Air Cargo,Air,Mexico City,Dallas,81,627.6,2,FALSE,7.748148148,2026-08
SH10244,5/27/2026,5/27/2026,6/14/2026,19,BlueWave Shipping,Ocean,Rotterdam,Dallas,519.2,771.66,18,FALSE,1.486248074,2026-05
SH11067,7/19/2026,7/22/2026,8/11/2026,21,BlueWave Shipping,Ocean,Shanghai,Atlanta,1302.5,1336.2,20,FALSE,1.025873321,2026-07
SH10620,3/29/2026,4/1/2026,4/5/2026,4,Northstar Logistics,Truck,Pittsburgh,Dallas,1742.3,2566.19,4,FALSE,1.472874935,2026-03
SH10885,5/23/2026,5/26/2026,6/1/2026,6,Harbor Express,Truck,Toronto,Chicago,754.3,1438.4,6,FALSE,1.906933581,2026-05
SH10439,4/18/2026,4/20/2026,5/8/2026,19,BlueWave Shipping,Ocean,Rotterdam,Chicago,1195.6,1188.82,18,FALSE,0.994329207,2026-04
SH10341,6/7/2026,6/9/2026,7/4/2026,20,Northstar Logistics,Ocean,Singapore,Chicago,4936.6,4958.72,25,TRUE,1.004480817,2026-06
SH10510,6/13/2026,6/13/2026,6/18/2026,5,Northstar Logistics,Truck,Toronto,Rochester,160.3,415.73,5,FALSE,2.593449782,2026-06
SH11198,3/12/2026,3/15/2026,3/18/2026,4,Atlas Freight,Truck,Pittsburgh,Atlanta,682.6,1317.45,3,FALSE,1.93004688,2026-03
SH10201,8/1/2026,8/4/2026,8/21/2026,18,BlueWave Shipping,Ocean,Singapore,Dallas,105.2,281.67,17,FALSE,2.677471483,2026-08
SH10039,2/21/2026,2/23/2026,3/4/2026,4,Harbor Express,Truck,Montreal,Dallas,573,973.01,9,TRUE,1.698097731,2026-02
SH11179,5/21/2026,5/22/2026,6/19/2026,28,BlueWave Shipping,Ocean,Singapore,New York City,1460.1,1290.67,28,FALSE,0.883960003,2026-05
SH11122,4/24/2026,4/24/2026,4/29/2026,5,Northstar Logistics,Truck,Toronto,Atlanta,1198.4,2106.12,5,FALSE,1.757443258,2026-04
SH11066,6/5/2026,6/6/2026,6/12/2026,6,Northstar Logistics,Truck,Montreal,Buffalo,418.4,872.95,6,FALSE,2.086400574,2026-06
SH10103,3/3/2026,3/3/2026,3/30/2026,27,Atlas Freight,Ocean,Rotterdam,Chicago,1433.2,1320.2,27,FALSE,0.921155456,2026-03
SH10720,7/3/2026,7/4/2026,7/7/2026,3,Summit Air Cargo,Air,Mexico City,Dallas,10.2,197.83,3,FALSE,19.39509804,2026-07
SH10393,2/16/2026,2/18/2026,2/24/2026,6,Harbor Express,Truck,Toronto,New York City,18.3,160.07,6,FALSE,8.746994536,2026-02
SH10020,4/23/2026,4/26/2026,5/23/2026,28,BlueWave Shipping,Ocean,Singapore,Rochester,676.5,715.63,27,FALSE,1.057841833,2026-04
SH10887,4/21/2026,4/23/2026,5/15/2026,22,BlueWave Shipping,Ocean,Shanghai,Dallas,940.5,897.9,22,FALSE,0.954704944,2026-04
SH10144,2/2/2026,2/2/2026,3/3/2026,23,Northstar Logistics,Ocean,Shanghai,New York City,1449,1582.4,29,TRUE,1.092063492,2026-02
SH10076,7/24/2026,7/27/2026,8/26/2026,28,BlueWave Shipping,Ocean,Singapore,Buffalo,187.4,344.89,30,TRUE,1.840394877,2026-07
SH11059,2/16/2026,2/16/2026,3/17/2026,29,Atlas Freight,Ocean,Shanghai,Rochester,2839.6,3341.96,29,FALSE,1.176912241,2026-02
SH10490,8/22/2026,8/23/2026,8/24/2026,2,Summit Air Cargo,Air,Shanghai,Chicago,416,3341.61,1,FALSE,8.032716346,2026-08
SH11039,5/7/2026,5/7/2026,6/6/2026,30,BlueWave Shipping,Ocean,Shanghai,Atlanta,472.5,565.71,30,FALSE,1.197269841,2026-05
SH10370,4/28/2026,4/28/2026,5/6/2026,5,Harbor Express,Truck,Montreal,Dallas,3217,4655.51,8,TRUE,1.447158844,2026-04
SH11076,2/6/2026,2/6/2026,2/12/2026,6,Harbor Express,Truck,Montreal,New York City,1219.4,2126.66,6,FALSE,1.74402165,2026-02
SH10065,3/9/2026,3/9/2026,3/12/2026,4,Northstar Logistics,Truck,Toronto,Atlanta,675.9,726.84,3,FALSE,1.075366178,2026-03
SH11109,7/15/2026,7/17/2026,7/23/2026,6,Harbor Express,Truck,Montreal,Buffalo,227,432.14,6,FALSE,1.903700441,2026-07
SH11120,1/18/2026,1/18/2026,2/10/2026,20,Northstar Logistics,Ocean,Rotterdam,Dallas,1620.8,1606.99,23,TRUE,0.991479516,2026-01
SH10603,7/26/2026,7/27/2026,7/31/2026,4,Summit Air Cargo,Air,Mexico City,Dallas,87.7,843.65,4,FALSE,9.61972634,2026-07
SH10399,6/30/2026,6/30/2026,7/25/2026,20,Northstar Logistics,Ocean,Singapore,Dallas,4400,4293.67,25,TRUE,0.975834091,2026-06
SH10111,4/28/2026,5/1/2026,5/26/2026,19,Atlas Freight,Ocean,Rotterdam,Buffalo,1889.3,1674.57,25,TRUE,0.886344149,2026-04
SH10644,3/1/2026,3/2/2026,3/22/2026,21,Atlas Freight,Ocean,Shanghai,Buffalo,772.5,677.73,20,FALSE,0.877320388,2026-03
SH10548,2/6/2026,2/8/2026,2/27/2026,19,BlueWave Shipping,Ocean,Shanghai,Dallas,2246.6,2133.75,19,FALSE,0.949768539,2026-02
SH10847,5/20/2026,5/23/2026,6/18/2026,27,Atlas Freight,Ocean,Rotterdam,Chicago,2839.8,2990.45,26,FALSE,1.053049511,2026-05
SH11172,8/20/2026,8/20/2026,9/9/2026,19,Northstar Logistics,Ocean,Rotterdam,Atlanta,306.6,402.36,20,TRUE,1.312328767,2026-08
SH10289,3/14/2026,3/17/2026,3/23/2026,7,Harbor Express,Truck,Montreal,Chicago,467,1079.22,6,FALSE,2.310963597,2026-03
SH10939,1/23/2026,1/23/2026,2/12/2026,21,BlueWave Shipping,Ocean,Singapore,New York City,4002.7,3831.02,20,FALSE,0.957108951,2026-01
SH11188,2/9/2026,2/11/2026,3/12/2026,30,Northstar Logistics,Ocean,Singapore,Chicago,250.1,376.73,29,FALSE,1.506317473,2026-02
SH10038,4/23/2026,4/25/2026,4/30/2026,5,Harbor Express,Truck,Toronto,Rochester,2033.6,3942.52,5,FALSE,1.938690008,2026-04
SH10892,7/31/2026,8/1/2026,8/29/2026,28,Atlas Freight,Ocean,Singapore,Dallas,841.6,1018.85,28,FALSE,1.210610741,2026-07
SH10243,3/10/2026,3/13/2026,4/4/2026,22,BlueWave Shipping,Ocean,Rotterdam,Rochester,927.3,943.55,22,FALSE,1.017523994,2026-03
SH10897,4/21/2026,4/21/2026,5/12/2026,21,Northstar Logistics,Ocean,Shanghai,Atlanta,2810.1,3136.45,21,FALSE,1.116134657,2026-04
SH10440,8/18/2026,8/21/2026,9/7/2026,18,Atlas Freight,Ocean,Rotterdam,Rochester,454.4,478.76,17,FALSE,1.053609155,2026-08
SH10664,3/25/2026,3/28/2026,4/14/2026,18,BlueWave Shipping,Ocean,Singapore,Rochester,1173.8,1342.37,17,FALSE,1.143610496,2026-03
SH11022,2/15/2026,2/18/2026,2/27/2026,5,Northstar Logistics,Truck,Montreal,New York City,339.2,755.03,9,TRUE,2.225913915,2026-02
SH10893,7/26/2026,7/28/2026,8/16/2026,19,Atlas Freight,Ocean,Rotterdam,New York City,726.2,798.15,19,FALSE,1.099077389,2026-07
SH10869,1/28/2026,1/31/2026,2/8/2026,8,Northstar Logistics,Truck,Toronto,New York City,555.7,1272.73,8,FALSE,2.290318517,2026-01
SH10075,3/7/2026,3/9/2026,4/2/2026,24,Atlas Freight,Ocean,Singapore,Chicago,2116.7,2452.5,24,FALSE,1.158643171,2026-03
SH10610,2/11/2026,2/12/2026,3/7/2026,23,BlueWave Shipping,Ocean,Singapore,New York City,1985.9,2169.66,23,FALSE,1.092532353,2026-02
SH10733,1/9/2026,1/10/2026,2/1/2026,23,BlueWave Shipping,Ocean,Shanghai,Rochester,2499,2466.02,22,FALSE,0.986802721,2026-01
SH10315,7/5/2026,7/6/2026,7/14/2026,4,Harbor Express,Truck,Pittsburgh,New York City,550.4,1179.19,8,TRUE,2.142423692,2026-07
SH10469,2/8/2026,2/10/2026,3/7/2026,25,BlueWave Shipping,Ocean,Shanghai,Rochester,3850,3502.99,25,FALSE,0.909867532,2026-02
SH11047,4/12/2026,4/12/2026,5/7/2026,26,BlueWave Shipping,Ocean,Singapore,New York City,1964,2330.9,25,FALSE,1.186812627,2026-04
SH10178,4/1/2026,4/4/2026,5/3/2026,29,BlueWave Shipping,Ocean,Rotterdam,Dallas,1757.8,1806.26,29,FALSE,1.027568552,2026-04
SH10768,5/31/2026,6/1/2026,6/25/2026,24,Northstar Logistics,Ocean,Shanghai,New York City,1219.4,1185.91,24,FALSE,0.972535673,2026-05
SH10793,6/20/2026,6/20/2026,6/23/2026,4,Harbor Express,Truck,Montreal,Chicago,390.5,755,3,FALSE,1.933418694,2026-06
SH10964,4/8/2026,4/11/2026,5/4/2026,23,BlueWave Shipping,Ocean,Rotterdam,Dallas,1785.9,1953.66,23,FALSE,1.093935831,2026-04
SH10427,8/13/2026,8/13/2026,9/6/2026,25,Atlas Freight,Ocean,Rotterdam,Atlanta,355,489.2,24,FALSE,1.378028169,2026-08
SH10193,3/13/2026,3/14/2026,3/21/2026,7,Harbor Express,Truck,Pittsburgh,Atlanta,154.9,398.15,7,FALSE,2.570367979,2026-03
SH10742,1/9/2026,1/10/2026,2/1/2026,23,Atlas Freight,Ocean,Shanghai,Buffalo,1363.1,1533.53,22,FALSE,1.125031179,2026-01
SH10488,7/15/2026,7/18/2026,7/23/2026,6,Northstar Logistics,Truck,Montreal,Dallas,619.2,1334.25,5,FALSE,2.154796512,2026-07
SH10374,1/20/2026,1/20/2026,2/11/2026,22,Northstar Logistics,Ocean,Rotterdam,Rochester,733.4,883.31,22,FALSE,1.204404145,2026-01
SH10368,7/9/2026,7/12/2026,7/19/2026,8,Harbor Express,Truck,Toronto,Rochester,675.9,962.29,7,FALSE,1.423716526,2026-07
SH11100,6/24/2026,6/25/2026,6/29/2026,5,Harbor Express,Truck,Toronto,Atlanta,570.4,1155.57,4,FALSE,2.025894109,2026-06
SH11169,6/14/2026,6/14/2026,6/18/2026,4,Summit Air Cargo,Air,Shanghai,Rochester,40.2,369.84,4,FALSE,9.2,2026-06
SH11165,6/7/2026,6/10/2026,7/7/2026,28,Atlas Freight,Ocean,Rotterdam,Rochester,1138.6,1293.9,27,FALSE,1.136395574,2026-06
SH10634,5/14/2026,5/14/2026,6/8/2026,26,Atlas Freight,Ocean,Singapore,Atlanta,3547.7,3280.17,25,FALSE,0.92459058,2026-05
SH10359,3/10/2026,3/12/2026,3/16/2026,4,Harbor Express,Truck,Toronto,Chicago,774.9,1248.58,4,FALSE,1.611278875,2026-03
SH10544,2/23/2026,2/25/2026,3/26/2026,30,Northstar Logistics,Ocean,Rotterdam,New York City,900.8,900.08,29,FALSE,0.99920071,2026-02
SH10686,4/22/2026,4/22/2026,4/25/2026,3,Summit Air Cargo,Air,Mexico City,Dallas,68,511.28,3,FALSE,7.518823529,2026-04
SH10734,6/16/2026,6/16/2026,7/14/2026,25,Atlas Freight,Ocean,Shanghai,Buffalo,936.3,1042.17,28,TRUE,1.113072733,2026-06
SH10420,5/20/2026,5/23/2026,6/11/2026,19,BlueWave Shipping,Ocean,Rotterdam,Rochester,597.3,699.9,19,FALSE,1.171772978,2026-05
SH10349,4/23/2026,4/24/2026,4/25/2026,2,Summit Air Cargo,Air,Shanghai,Atlanta,59.8,532.87,1,FALSE,8.910869565,2026-04
SH10147,6/10/2026,6/11/2026,7/8/2026,22,Northstar Logistics,Ocean,Shanghai,Rochester,1460.1,3563.83,27,TRUE,2.440812273,2026-06
SH11152,7/18/2026,7/20/2026,8/18/2026,29,Northstar Logistics,Ocean,Shanghai,Dallas,282.1,298.8,29,FALSE,1.059198866,2026-07
SH10121,3/10/2026,3/13/2026,3/21/2026,8,Atlas Freight,Truck,Montreal,Atlanta,1040.6,2101.86,8,FALSE,2.01985393,2026-03
SH10441,7/22/2026,7/23/2026,7/26/2026,3,Summit Air Cargo,Air,Shanghai,Buffalo,220.7,1796.52,3,FALSE,8.140099683,2026-07
SH11160,4/29/2026,4/29/2026,5/19/2026,21,BlueWave Shipping,Ocean,Rotterdam,Chicago,2756.6,2388.26,20,FALSE,0.866378873,2026-04
SH10278,6/2/2026,6/3/2026,6/10/2026,8,Harbor Express,Truck,Toronto,Dallas,535.1,1026.85,7,FALSE,1.918987105,2026-06
SH11068,8/24/2026,8/24/2026,8/30/2026,7,Atlas Freight,Truck,Montreal,Chicago,1397,2266.7,6,FALSE,1.622548318,2026-08
SH10782,6/18/2026,6/20/2026,6/23/2026,4,Summit Air Cargo,Air,Shanghai,New York City,19,196.64,3,FALSE,10.34947368,2026-06
SH10042,4/30/2026,4/30/2026,5/5/2026,6,Harbor Express,Truck,Pittsburgh,New York City,405.6,645.17,5,FALSE,1.590655819,2026-04
SH10497,1/24/2026,1/24/2026,2/18/2026,25,Atlas Freight,Ocean,Singapore,Chicago,581.7,786.99,25,FALSE,1.352913873,2026-01
SH11186,4/13/2026,4/16/2026,4/19/2026,4,Summit Air Cargo,Air,Mexico City,Dallas,60.6,501.06,3,FALSE,8.268316832,2026-04
SH10867,7/9/2026,7/10/2026,7/17/2026,8,Northstar Logistics,Truck,Toronto,New York City,675.9,1493.5,7,FALSE,2.209646397,2026-07
SH10977,3/29/2026,3/31/2026,4/24/2026,25,BlueWave Shipping,Ocean,Singapore,New York City,717.8,825.56,24,FALSE,1.150125383,2026-03
SH11134,1/22/2026,1/25/2026,2/26/2026,27,Northstar Logistics,Ocean,Shanghai,Rochester,3800.9,4202.38,32,TRUE,1.105627615,2026-01
SH10063,7/12/2026,7/15/2026,8/12/2026,28,BlueWave Shipping,Ocean,Rotterdam,New York City,1288.5,1229.81,28,FALSE,0.954450912,2026-07
SH10184,8/19/2026,8/21/2026,9/12/2026,22,BlueWave Shipping,Ocean,Rotterdam,New York City,2517.6,2321.67,22,FALSE,0.922175882,2026-08
SH10041,5/7/2026,5/9/2026,5/12/2026,4,Northstar Logistics,Truck,Pittsburgh,Dallas,383.4,781.78,3,FALSE,2.039071466,2026-05
SH10140,7/22/2026,7/22/2026,8/23/2026,26,Northstar Logistics,Ocean,Singapore,Buffalo,1487.7,1764.11,32,TRUE,1.185796868,2026-07
SH11010,2/15/2026,2/18/2026,2/24/2026,7,Harbor Express,Truck,Toronto,Rochester,959.2,1527.25,6,FALSE,1.59221226,2026-02
SH11094,2/26/2026,2/26/2026,3/25/2026,27,BlueWave Shipping,Ocean,Rotterdam,Dallas,2566.5,2889.59,27,FALSE,1.125887395,2026-02
SH10666,6/15/2026,6/17/2026,6/25/2026,6,Northstar Logistics,Truck,Montreal,Chicago,675.9,991.25,8,TRUE,1.466563101,2026-06
SH10944,4/1/2026,4/1/2026,4/25/2026,24,Atlas Freight,Ocean,Singapore,Rochester,1915.1,2118.84,24,FALSE,1.106386089,2026-04
SH10842,6/21/2026,6/24/2026,7/1/2026,7,Harbor Express,Truck,Pittsburgh,Dallas,1029,1535.09,7,FALSE,1.491827017,2026-06
SH11030,4/29/2026,5/2/2026,5/4/2026,3,Summit Air Cargo,Air,Frankfurt,New York City,69.1,583.84,2,FALSE,8.449204052,2026-04
SH10994,3/26/2026,3/27/2026,4/23/2026,27,BlueWave Shipping,Ocean,Rotterdam,Atlanta,2643.6,2114.66,27,FALSE,0.79991678,2026-03
SH10619,3/8/2026,3/8/2026,3/17/2026,4,Summit Air Cargo,Air,Shanghai,Dallas,43.2,440.65,9,TRUE,10.20023148,2026-03
SH10580,3/26/2026,3/26/2026,4/18/2026,23,BlueWave Shipping,Ocean,Shanghai,New York City,1411.8,1316.73,23,FALSE,0.932660433,2026-03
SH10149,8/20/2026,8/21/2026,9/16/2026,27,Atlas Freight,Ocean,Singapore,Rochester,2627.6,2813.42,26,FALSE,1.070718526,2026-08
SH11044,3/2/2026,3/3/2026,3/9/2026,6,Harbor Express,Truck,Toronto,Dallas,1636.3,2689.79,6,FALSE,1.643824482,2026-03
SH11090,6/12/2026,6/15/2026,,21,BlueWave Shipping,Ocean,Shanghai,Buffalo,1687.1,1916.16,,FALSE,1.135771442,2026-06
SH10061,5/2/2026,5/5/2026,5/26/2026,22,Atlas Freight,Ocean,Rotterdam,Dallas,6435.9,5797.09,21,FALSE,0.900742709,2026-05
SH11033,4/7/2026,4/8/2026,4/11/2026,3,Summit Air Cargo,Air,Frankfurt,Chicago,39.3,472.95,3,FALSE,12.03435115,2026-04
SH10612,8/7/2026,8/8/2026,8/31/2026,24,BlueWave Shipping,Ocean,Shanghai,New York City,1202.3,1500.44,23,FALSE,1.247974715,2026-08
SH11173,6/17/2026,6/17/2026,6/23/2026,7,Northstar Logistics,Truck,Toronto,New York City,258,452.06,6,FALSE,1.752170543,2026-06
SH10227,7/25/2026,7/27/2026,8/4/2026,8,Atlas Freight,Truck,Toronto,Atlanta,228.7,590.58,8,FALSE,2.582334937,2026-07
SH10092,4/5/2026,4/5/2026,4/10/2026,5,Harbor Express,Truck,Pittsburgh,Buffalo,418.7,919.96,5,FALSE,2.197181753,2026-04
SH10748,8/9/2026,8/11/2026,,4,Atlas Freight,Truck,Pittsburgh,Rochester,637.4,1015.28,,FALSE,1.592845937,2026-08
SH10538,7/3/2026,7/4/2026,7/7/2026,3,Summit Air Cargo,Air,Frankfurt,New York City,68.5,508.04,3,FALSE,7.416642336,2026-07
SH10077,4/20/2026,4/22/2026,4/27/2026,5,Harbor Express,Truck,Montreal,Rochester,1096.8,1810.87,5,FALSE,1.651048505,2026-04
SH10801,4/21/2026,4/24/2026,5/20/2026,27,Atlas Freight,Ocean,Rotterdam,Buffalo,2013.9,1984.69,26,FALSE,0.985495804,2026-04
SH10533,4/10/2026,4/13/2026,5/12/2026,29,Northstar Logistics,Ocean,Rotterdam,Buffalo,735.4,756.71,29,FALSE,1.028977427,2026-04
SH10418,3/15/2026,3/18/2026,3/22/2026,4,Summit Air Cargo,Air,Mexico City,New York City,143,970.62,4,FALSE,6.787552448,2026-03
SH10578,5/11/2026,5/14/2026,6/6/2026,19,Northstar Logistics,Ocean,Shanghai,Atlanta,1094.9,1194.64,23,TRUE,1.091095077,2026-05
SH10379,1/21/2026,1/21/2026,2/18/2026,22,Northstar Logistics,Ocean,Shanghai,Atlanta,1004.3,1085.02,28,TRUE,1.08037439,2026-01
SH11141,3/14/2026,3/15/2026,3/23/2026,5,Northstar Logistics,Truck,Pittsburgh,Buffalo,5.7,126.06,8,TRUE,22.11578947,2026-03
SH10135,5/11/2026,5/14/2026,6/6/2026,24,BlueWave Shipping,Ocean,Shanghai,Atlanta,4514.4,3891,23,FALSE,0.861908559,2026-05
SH10353,2/26/2026,2/26/2026,3/18/2026,20,BlueWave Shipping,Ocean,Rotterdam,Atlanta,1125.9,1267.19,20,FALSE,1.125490719,2026-02
SH10486,3/7/2026,3/8/2026,3/13/2026,6,Harbor Express,Truck,Toronto,Rochester,482.4,1004.15,5,FALSE,2.08157131,2026-03
SH10355,3/6/2026,3/6/2026,4/1/2026,26,BlueWave Shipping,Ocean,Shanghai,Atlanta,2527.5,2970.6,26,FALSE,1.175311573,2026-03
SH10200,4/19/2026,4/21/2026,5/21/2026,30,BlueWave Shipping,Ocean,Rotterdam,Rochester,1670.4,1718.96,30,FALSE,1.029070881,2026-04
SH10658,7/2/2026,7/3/2026,7/26/2026,18,BlueWave Shipping,Ocean,Rotterdam,New York City,1383.8,1242.83,23,TRUE,0.898128342,2026-07
SH10900,4/23/2026,4/25/2026,4/27/2026,2,Summit Air Cargo,Air,Shanghai,New York City,22.4,364.6,2,FALSE,16.27678571,2026-04
SH11049,6/8/2026,6/10/2026,6/19/2026,6,Harbor Express,Truck,Montreal,Chicago,403.5,738.51,9,TRUE,1.830260223,2026-06
SH10069,3/11/2026,3/11/2026,3/16/2026,6,Northstar Logistics,Truck,Montreal,Dallas,769.6,1473.84,5,FALSE,1.915072765,2026-03
SH11075,6/4/2026,6/6/2026,6/15/2026,7,Northstar Logistics,Truck,Montreal,Dallas,2099,3035.99,9,TRUE,1.446398285,2026-06
SH10880,1/31/2026,1/31/2026,2/1/2026,2,Summit Air Cargo,Air,Mexico City,Chicago,87.7,1017.94,1,FALSE,11.60706956,2026-01
SH10464,6/7/2026,6/10/2026,6/16/2026,6,Northstar Logistics,Truck,Pittsburgh,Atlanta,1625.9,3312.6,6,FALSE,2.037394674,2026-06
SH11194,2/20/2026,2/20/2026,2/25/2026,5,Harbor Express,Truck,Pittsburgh,Dallas,584.4,969.46,5,FALSE,1.658898015,2026-02
SH10024,5/2/2026,5/4/2026,6/2/2026,30,BlueWave Shipping,Ocean,Shanghai,Rochester,1318,1187.01,29,FALSE,0.900614568,2026-05
SH10890,4/4/2026,4/7/2026,4/27/2026,21,BlueWave Shipping,Ocean,Shanghai,Chicago,1085.9,1127.9,20,FALSE,1.038677595,2026-04
SH10531,2/15/2026,2/18/2026,2/22/2026,4,Harbor Express,Truck,Montreal,Dallas,153.6,311.31,4,FALSE,2.026757813,2026-02
SH10788,7/2/2026,7/2/2026,7/3/2026,2,Summit Air Cargo,Air,Mexico City,New York City,140,1162.74,1,FALSE,8.305285714,2026-07
SH10757,3/4/2026,3/4/2026,3/25/2026,21,BlueWave Shipping,Ocean,Shanghai,New York City,852.9,1078.09,21,FALSE,1.264028608,2026-03
SH10136,2/12/2026,2/12/2026,2/16/2026,4,Atlas Freight,Truck,Montreal,Dallas,1352.7,2767.66,4,FALSE,2.046026466,2026-02
SH10007,4/25/2026,4/27/2026,5/7/2026,7,Harbor Express,Truck,Pittsburgh,Chicago,514.8,958.48,10,TRUE,1.861849262,2026-04
SH10630,2/13/2026,2/14/2026,2/18/2026,4,Northstar Logistics,Truck,Pittsburgh,Rochester,675.9,2013.65,4,FALSE,2.979212901,2026-02
SH10449,3/27/2026,3/28/2026,3/29/2026,2,Summit Air Cargo,Air,Shanghai,Dallas,51.2,528.61,1,FALSE,10.32441406,2026-03
SH10698,6/23/2026,6/24/2026,7/22/2026,28,BlueWave Shipping,Ocean,Shanghai,Rochester,1423.1,1458.95,28,FALSE,1.025191483,2026-06
SH11031,4/8/2026,4/8/2026,5/8/2026,24,Northstar Logistics,Ocean,Shanghai,Buffalo,2570.1,2933.54,30,TRUE,1.14141084,2026-04
SH10542,2/17/2026,2/17/2026,2/24/2026,7,Harbor Express,Truck,Toronto,Chicago,645.3,1047.95,7,FALSE,1.623973346,2026-02
SH10233,7/24/2026,7/25/2026,8/16/2026,22,Northstar Logistics,Ocean,Singapore,Dallas,409.6,505.65,22,FALSE,1.23449707,2026-07
SH10780,4/23/2026,4/23/2026,5/17/2026,24,BlueWave Shipping,Ocean,Singapore,Atlanta,3731.7,3054.06,24,FALSE,0.81840984,2026-04
SH10255,1/20/2026,1/22/2026,2/16/2026,25,Northstar Logistics,Ocean,Singapore,Atlanta,1106.6,1171.77,25,FALSE,1.058892102,2026-01
SH10234,7/9/2026,7/11/2026,8/7/2026,28,BlueWave Shipping,Ocean,Rotterdam,Buffalo,963.9,868.82,27,FALSE,0.901359062,2026-07
SH10284,5/3/2026,5/6/2026,5/9/2026,3,Summit Air Cargo,Air,Mexico City,Atlanta,22.4,278.77,3,FALSE,12.44508929,2026-05
SH10071,8/24/2026,8/24/2026,9/14/2026,19,Northstar Logistics,Ocean,Rotterdam,Atlanta,4767.3,4310.23,21,TRUE,0.904123928,2026-08
SH10704,1/5/2026,1/6/2026,1/10/2026,5,Northstar Logistics,Truck,Pittsburgh,Chicago,278,574.35,4,FALSE,2.066007194,2026-01
SH10208,3/1/2026,3/4/2026,3/10/2026,7,Harbor Express,Truck,Pittsburgh,Dallas,459.7,889.1,6,FALSE,1.934087448,2026-03
SH11178,1/23/2026,1/26/2026,2/21/2026,27,BlueWave Shipping,Ocean,Rotterdam,Dallas,2004.3,2348.88,26,FALSE,1.171920371,2026-01
SH10917,8/15/2026,8/15/2026,8/20/2026,5,Northstar Logistics,Truck,Pittsburgh,Chicago,2408,4030.75,5,FALSE,1.673899502,2026-08
SH10487,7/22/2026,7/24/2026,8/11/2026,18,Northstar Logistics,Ocean,Singapore,Dallas,2094.7,2415.35,18,FALSE,1.153076813,2026-07
SH10715,8/7/2026,8/9/2026,8/29/2026,21,BlueWave Shipping,Ocean,Rotterdam,Buffalo,1215.5,1227.65,20,FALSE,1.009995886,2026-08
SH11161,8/17/2026,8/20/2026,8/26/2026,7,Atlas Freight,Truck,Pittsburgh,Dallas,936.6,1487.26,6,FALSE,1.587935084,2026-08
SH10282,4/8/2026,4/10/2026,4/29/2026,19,BlueWave Shipping,Ocean,Rotterdam,Atlanta,263.9,419.51,19,FALSE,1.589655172,2026-04
SH10694,2/6/2026,2/7/2026,3/3/2026,25,BlueWave Shipping,Ocean,Singapore,Chicago,2297.2,2080.32,24,FALSE,0.905589413,2026-02
SH10919,5/18/2026,5/18/2026,6/14/2026,28,BlueWave Shipping,Ocean,Singapore,Rochester,2008,2056.71,27,FALSE,1.024257968,2026-05
SH11174,8/24/2026,8/26/2026,9/8/2026,8,Northstar Logistics,Truck,Toronto,Dallas,129.1,334.45,13,TRUE,2.590627421,2026-08
SH10833,2/8/2026,2/11/2026,2/15/2026,4,Harbor Express,Truck,Montreal,Rochester,861.1,1371.56,4,FALSE,1.592799907,2026-02
SH10088,2/18/2026,2/18/2026,3/22/2026,27,Northstar Logistics,Ocean,Shanghai,Buffalo,1460.1,2497.38,32,TRUE,1.710417095,2026-02
SH11093,4/13/2026,4/14/2026,4/24/2026,5,Harbor Express,Truck,Montreal,Buffalo,887.4,1441.5,10,TRUE,1.624408384,2026-04
SH10410,6/1/2026,6/4/2026,6/11/2026,7,Atlas Freight,Truck,Montreal,Atlanta,548.7,1237.71,7,FALSE,2.255713505,2026-06
SH10001,4/18/2026,4/19/2026,5/14/2026,26,Atlas Freight,Ocean,Rotterdam,Buffalo,2879.7,3378.56,25,FALSE,1.173233323,2026-04
SH10569,7/29/2026,8/1/2026,8/7/2026,7,Atlas Freight,Truck,Toronto,Dallas,552.7,997.13,6,FALSE,1.804107111,2026-07
SH10156,2/12/2026,2/14/2026,2/19/2026,6,Harbor Express,Truck,Pittsburgh,Rochester,655.2,1027.14,5,FALSE,1.567673993,2026-02
SH10786,5/2/2026,5/5/2026,5/28/2026,23,BlueWave Shipping,Ocean,Rotterdam,New York City,1135,972.13,23,FALSE,0.856502203,2026-05
SH10611,5/29/2026,6/1/2026,6/5/2026,4,Harbor Express,Truck,Montreal,Atlanta,1235.4,1893.54,4,FALSE,1.532734337,2026-05
SH11145,2/4/2026,2/4/2026,2/21/2026,18,BlueWave Shipping,Ocean,Singapore,Atlanta,2279.6,2414.22,17,FALSE,1.05905422,2026-02
SH10386,1/5/2026,1/8/2026,1/30/2026,23,BlueWave Shipping,Ocean,Shanghai,Chicago,919.5,883.52,22,FALSE,0.960870038,2026-01
SH10738,3/8/2026,3/10/2026,3/14/2026,5,Northstar Logistics,Truck,Toronto,Buffalo,232.9,551.2,4,FALSE,2.366680979,2026-03
SH10083,1/28/2026,1/29/2026,2/19/2026,22,Atlas Freight,Ocean,Singapore,Buffalo,1058.6,1030.21,21,FALSE,0.973181561,2026-01
SH10365,2/8/2026,2/11/2026,3/10/2026,27,Atlas Freight,Ocean,Singapore,Rochester,1859.2,1606.85,27,FALSE,0.864269578,2026-02
SH10424,5/11/2026,5/11/2026,5/14/2026,4,Summit Air Cargo,Air,Mexico City,Rochester,129.5,1056.96,3,FALSE,8.161853282,2026-05
SH11071,4/25/2026,4/28/2026,4/30/2026,3,Summit Air Cargo,Air,Shanghai,New York City,38.4,473.35,2,FALSE,12.32682292,2026-04
SH10394,3/20/2026,3/21/2026,4/15/2026,25,Atlas Freight,Ocean,Singapore,Atlanta,659.3,772.69,25,FALSE,1.171985439,2026-03
SH10096,2/17/2026,2/19/2026,2/25/2026,7,Harbor Express,Truck,Pittsburgh,Buffalo,860.9,1705.75,6,FALSE,1.98135672,2026-02
SH10933,8/8/2026,8/9/2026,8/28/2026,20,BlueWave Shipping,Ocean,Singapore,Atlanta,2101.7,2426.7,19,FALSE,1.154636723,2026-08
SH10499,3/3/2026,3/6/2026,3/12/2026,7,Harbor Express,Truck,Pittsburgh,Chicago,829,1590.27,6,FALSE,1.918299156,2026-03
SH10391,1/17/2026,1/18/2026,2/11/2026,24,Northstar Logistics,Ocean,Shanghai,Dallas,563.2,648.97,24,FALSE,1.152290483,2026-01
SH10563,2/11/2026,2/13/2026,3/11/2026,26,BlueWave Shipping,Ocean,Shanghai,Atlanta,1483.4,1399.51,26,FALSE,0.943447486,2026-02
SH10434,3/22/2026,3/22/2026,3/29/2026,7,Atlas Freight,Truck,Montreal,New York City,578.6,1176.07,7,FALSE,2.032613204,2026-03
SH10722,5/3/2026,5/3/2026,5/6/2026,4,Harbor Express,Truck,Pittsburgh,Dallas,1896,3391.66,3,FALSE,1.788850211,2026-05
SH10269,8/1/2026,8/1/2026,8/4/2026,4,Atlas Freight,Truck,Montreal,Buffalo,304.6,635.08,3,FALSE,2.084963887,2026-08
SH10665,2/21/2026,2/22/2026,3/17/2026,23,BlueWave Shipping,Ocean,Rotterdam,New York City,1460.1,1335.11,23,FALSE,0.914396274,2026-02
SH10872,8/4/2026,8/7/2026,8/31/2026,24,Atlas Freight,Ocean,Rotterdam,Buffalo,542.5,735.15,24,FALSE,1.355115207,2026-08
SH10912,8/5/2026,8/6/2026,8/9/2026,3,Summit Air Cargo,Air,Mexico City,Rochester,76.3,801.37,3,FALSE,10.50288336,2026-08
SH10990,5/25/2026,5/25/2026,6/21/2026,21,Northstar Logistics,Ocean,Rotterdam,Atlanta,2493.5,2869.51,27,TRUE,1.15079607,2026-05
SH10165,7/28/2026,7/31/2026,8/31/2026,30,Northstar Logistics,Ocean,Rotterdam,New York City,3336.2,2796.17,31,TRUE,0.838130208,2026-07
SH10961,6/15/2026,6/15/2026,6/22/2026,8,Harbor Express,Truck,Pittsburgh,Dallas,591.4,1012.08,7,FALSE,1.71132905,2026-06
SH10239,3/7/2026,3/9/2026,3/14/2026,5,Harbor Express,Truck,Toronto,Chicago,1068.9,1877.04,5,FALSE,1.756048274,2026-03
SH10360,1/21/2026,1/21/2026,1/29/2026,8,Atlas Freight,Truck,Toronto,New York City,1215.9,2382.4,8,FALSE,1.959371659,2026-01
SH10883,7/25/2026,7/28/2026,8/25/2026,28,BlueWave Shipping,Ocean,Singapore,New York City,438.6,503.08,28,FALSE,1.147013224,2026-07
SH10134,7/17/2026,7/19/2026,8/8/2026,21,Atlas Freight,Ocean,Shanghai,Atlanta,1460.1,918.84,20,FALSE,0.629299363,2026-07
SH10043,2/22/2026,2/24/2026,2/27/2026,4,Summit Air Cargo,Air,Shanghai,Rochester,207.7,1649.91,3,FALSE,7.943716899,2026-02
SH10771,3/30/2026,3/30/2026,4/21/2026,19,Atlas Freight,Ocean,Shanghai,Buffalo,302,434.34,22,TRUE,1.438211921,2026-03
SH10463,5/7/2026,5/8/2026,5/14/2026,6,Harbor Express,Truck,Pittsburgh,Rochester,477.5,919.1,6,FALSE,1.924816754,2026-05
SH10777,8/22/2026,8/22/2026,9/18/2026,28,Northstar Logistics,Ocean,Rotterdam,Buffalo,861,934.5,27,FALSE,1.085365854,2026-08
SH10549,6/13/2026,6/16/2026,6/22/2026,6,Atlas Freight,Truck,Pittsburgh,Dallas,720.1,1132.44,6,FALSE,1.572614915,2026-06
SH10655,7/6/2026,7/9/2026,7/12/2026,4,Summit Air Cargo,Air,Mexico City,Buffalo,113.8,991.71,3,FALSE,8.714499121,2026-07
SH10109,7/24/2026,7/26/2026,8/5/2026,4,Harbor Express,Truck,Toronto,Dallas,282.8,516.29,10,TRUE,1.825636492,2026-07
SH10192,2/11/2026,2/14/2026,2/21/2026,7,Atlas Freight,Truck,Pittsburgh,Buffalo,107.5,335.63,7,FALSE,3.122139535,2026-02
SH10812,7/18/2026,7/20/2026,7/22/2026,2,Summit Air Cargo,Air,Frankfurt,New York City,27.7,302.48,2,FALSE,10.9198556,2026-07
SH10515,7/5/2026,7/6/2026,7/8/2026,2,Summit Air Cargo,Air,Mexico City,New York City,68.2,528.04,2,FALSE,7.742521994,2026-07
SH10187,5/8/2026,5/10/2026,5/18/2026,8,Harbor Express,Truck,Toronto,Dallas,356.4,689.15,8,FALSE,1.933641975,2026-05
SH10587,6/8/2026,6/8/2026,6/16/2026,2,Summit Air Cargo,Air,Shanghai,New York City,25.7,233.71,8,TRUE,9.093774319,2026-06
SH10516,4/5/2026,4/8/2026,4/9/2026,2,Summit Air Cargo,Air,Shanghai,Rochester,234.2,1789.61,1,FALSE,7.641374893,2026-04
SH10218,5/21/2026,5/24/2026,6/1/2026,8,Atlas Freight,Truck,Montreal,Buffalo,1364,2501.25,8,FALSE,1.833760997,2026-05
SH10480,8/4/2026,8/5/2026,8/18/2026,8,Harbor Express,Truck,Toronto,Buffalo,559.5,1153.93,13,TRUE,2.062430742,2026-08
SH10716,4/20/2026,4/22/2026,4/28/2026,4,Harbor Express,Truck,Toronto,Atlanta,919.9,1465.16,6,TRUE,1.592738341,2026-04
SH10362,8/23/2026,8/23/2026,9/26/2026,28,BlueWave Shipping,Ocean,Shanghai,Rochester,1686.2,1808.25,34,TRUE,1.072381687,2026-08
SH10623,3/9/2026,3/9/2026,3/11/2026,3,Summit Air Cargo,Air,Frankfurt,Atlanta,22.2,199.25,2,FALSE,8.975225225,2026-03
SH11144,5/15/2026,5/18/2026,6/13/2026,26,Atlas Freight,Ocean,Singapore,Chicago,1741,1531.06,26,FALSE,0.87941413,2026-05
SH11177,5/4/2026,5/5/2026,5/24/2026,19,Northstar Logistics,Ocean,Rotterdam,Dallas,2549.5,2098.03,19,FALSE,0.822918219,2026-05
SH10110,7/6/2026,7/7/2026,7/29/2026,18,Atlas Freight,Ocean,Rotterdam,Buffalo,4921.8,4831.08,22,TRUE,0.981567719,2026-07
SH10770,2/7/2026,2/7/2026,3/9/2026,30,Atlas Freight,Ocean,Shanghai,Atlanta,470,555.49,30,FALSE,1.181893617,2026-02
SH10263,1/15/2026,1/18/2026,2/13/2026,26,Atlas Freight,Ocean,Singapore,New York City,3302.9,3546.98,26,FALSE,1.073898695,2026-01
SH10272,7/28/2026,7/28/2026,8/9/2026,8,Atlas Freight,Truck,Montreal,Buffalo,758.1,1527.92,12,TRUE,2.015459702,2026-07
SH10223,8/10/2026,8/11/2026,9/7/2026,25,Atlas Freight,Ocean,Singapore,Atlanta,2315.3,2734.96,27,TRUE,1.181255129,2026-08
SH11131,5/2/2026,5/4/2026,5/11/2026,8,Harbor Express,Truck,Montreal,Buffalo,1557.6,3001.39,7,FALSE,1.92693246,2026-05
SH10214,6/23/2026,6/26/2026,7/21/2026,26,BlueWave Shipping,Ocean,Rotterdam,Rochester,2583,2642.4,25,FALSE,1.022996516,2026-06
SH10970,3/15/2026,3/18/2026,3/21/2026,4,Harbor Express,Truck,Montreal,Chicago,270.4,639.61,3,FALSE,2.365421598,2026-03
SH10350,7/27/2026,7/28/2026,8/3/2026,7,Harbor Express,Truck,Montreal,Buffalo,1703.9,2642.87,6,FALSE,1.551071072,2026-07
SH10523,8/9/2026,8/11/2026,8/16/2026,6,Harbor Express,Truck,Toronto,Rochester,675.9,1547.12,5,FALSE,2.288977659,2026-08
SH10648,2/23/2026,2/26/2026,3/1/2026,4,Atlas Freight,Truck,Montreal,Dallas,644.5,1322.43,3,FALSE,2.051869666,2026-02
SH10169,5/7/2026,5/7/2026,5/12/2026,6,Northstar Logistics,Truck,Pittsburgh,Buffalo,464.3,897.64,5,FALSE,1.933318975,2026-05
SH10500,4/16/2026,4/16/2026,4/25/2026,7,Northstar Logistics,Truck,Montreal,Atlanta,1461.2,2280.71,9,TRUE,1.560847249,2026-04
SH10708,5/10/2026,5/11/2026,5/12/2026,2,Summit Air Cargo,Air,Mexico City,Buffalo,179.1,1428.88,1,FALSE,7.978112786,2026-05
SH11171,8/6/2026,8/9/2026,9/5/2026,27,Atlas Freight,Ocean,Singapore,Dallas,512.2,667.22,27,FALSE,1.302655213,2026-08
SH11119,1/18/2026,1/18/2026,2/17/2026,30,BlueWave Shipping,Ocean,Shanghai,Dallas,2376.8,2567,30,FALSE,1.080023561,2026-01
SH10303,7/31/2026,8/1/2026,8/28/2026,28,BlueWave Shipping,Ocean,Shanghai,Atlanta,1889,2219.6,27,FALSE,1.175013235,2026-07
SH10413,3/4/2026,3/4/2026,3/23/2026,19,Atlas Freight,Ocean,Singapore,Dallas,664.6,764.51,19,FALSE,1.150331026,2026-03
SH10925,7/29/2026,8/1/2026,8/6/2026,5,Atlas Freight,Truck,Pittsburgh,Atlanta,430.2,735.75,5,FALSE,1.710251046,2026-07
SH10116,6/24/2026,6/26/2026,7/19/2026,23,BlueWave Shipping,Ocean,Rotterdam,Rochester,1070.1,1193.27,23,FALSE,1.115101392,2026-06
SH10351,7/31/2026,8/1/2026,8/21/2026,20,BlueWave Shipping,Ocean,Shanghai,Buffalo,1003.8,993.4,20,FALSE,0.98963937,2026-07
SH10025,7/4/2026,7/6/2026,8/5/2026,27,Northstar Logistics,Ocean,Shanghai,Chicago,693.5,869.98,30,TRUE,1.254477289,2026-07
SH10254,8/15/2026,8/16/2026,,26,Northstar Logistics,Ocean,Singapore,Rochester,712.7,730.5,,FALSE,1.024975445,2026-08
SH11117,5/6/2026,5/7/2026,5/13/2026,7,Northstar Logistics,Truck,Montreal,Rochester,22.5,121.96,6,FALSE,5.420444444,2026-05
SH11014,1/10/2026,1/10/2026,1/17/2026,4,Harbor Express,Truck,Toronto,Atlanta,1060,2014.17,7,TRUE,1.900160377,2026-01
SH10402,6/20/2026,6/20/2026,6/22/2026,3,Summit Air Cargo,Air,Shanghai,Chicago,87.7,2035.37,2,FALSE,23.20832383,2026-06
SH10966,5/3/2026,5/3/2026,6/2/2026,30,BlueWave Shipping,Ocean,Singapore,New York City,967.2,1199.07,30,FALSE,1.239733251,2026-05
SH10881,4/23/2026,4/25/2026,5/2/2026,7,Atlas Freight,Truck,Toronto,Rochester,881.3,1752.04,7,FALSE,1.988017701,2026-04
SH10879,4/10/2026,4/11/2026,4/16/2026,5,Harbor Express,Truck,Toronto,Atlanta,638.9,1047.92,5,FALSE,1.640194084,2026-04
SH10819,2/14/2026,2/16/2026,3/11/2026,23,BlueWave Shipping,Ocean,Rotterdam,New York City,543.2,654.86,23,FALSE,1.205559647,2026-02
SH10128,8/12/2026,8/13/2026,9/10/2026,29,Northstar Logistics,Ocean,Shanghai,Chicago,1801.4,1981.46,28,FALSE,1.09995559,2026-08
SH11096,6/14/2026,6/16/2026,6/18/2026,3,Summit Air Cargo,Air,Shanghai,Chicago,122.7,893.76,2,FALSE,7.284107579,2026-06
SH10673,4/27/2026,4/27/2026,5/17/2026,21,BlueWave Shipping,Ocean,Singapore,Chicago,1909.8,2263.75,20,FALSE,1.185333543,2026-04
SH11157,7/30/2026,8/2/2026,8/31/2026,29,BlueWave Shipping,Ocean,Rotterdam,Atlanta,948.1,996.95,29,FALSE,1.051524101,2026-07
SH11038,8/16/2026,8/16/2026,8/20/2026,4,Northstar Logistics,Truck,Pittsburgh,New York City,1853.7,3176.83,4,FALSE,1.71377785,2026-08
SH10752,4/19/2026,4/22/2026,4/25/2026,4,Harbor Express,Truck,Toronto,Rochester,271.5,652.11,3,FALSE,2.401878453,2026-04
SH10505,2/27/2026,2/27/2026,3/11/2026,7,Harbor Express,Truck,Montreal,Rochester,686.4,1220.5,12,TRUE,1.778117716,2026-02
SH11000,2/21/2026,2/22/2026,3/14/2026,21,Atlas Freight,Ocean,Shanghai,Buffalo,1804.6,1645.26,20,FALSE,0.911703425,2026-02
SH11050,3/9/2026,3/10/2026,3/31/2026,21,BlueWave Shipping,Ocean,Shanghai,Atlanta,112,241.52,21,FALSE,2.156428571,2026-03
SH10727,5/4/2026,5/7/2026,5/9/2026,2,Summit Air Cargo,Air,Mexico City,New York City,48.4,402.21,2,FALSE,8.310123967,2026-05
SH10669,1/28/2026,1/28/2026,2/1/2026,4,Summit Air Cargo,Air,Frankfurt,Dallas,99.4,898.52,4,FALSE,9.03943662,2026-01
SH11111,8/13/2026,8/15/2026,8/22/2026,7,Harbor Express,Truck,Montreal,Buffalo,650,1018.85,7,FALSE,1.567461538,2026-08
SH10552,6/19/2026,6/22/2026,6/27/2026,5,Harbor Express,Truck,Toronto,Chicago,502.4,984.4,5,FALSE,1.959394904,2026-06
SH10903,3/30/2026,4/1/2026,4/22/2026,22,BlueWave Shipping,Ocean,Singapore,Atlanta,3956.1,4464.34,21,FALSE,1.128469958,2026-03
SH10153,1/23/2026,1/26/2026,2/3/2026,8,Northstar Logistics,Truck,Toronto,New York City,380.1,843.22,8,FALSE,2.218416206,2026-01
SH10598,7/12/2026,7/12/2026,7/19/2026,8,Atlas Freight,Truck,Montreal,Buffalo,1033.1,2020.14,7,FALSE,1.955415739,2026-07
SH10259,4/22/2026,4/22/2026,5/20/2026,28,Northstar Logistics,Ocean,Singapore,Dallas,701.7,852.79,28,FALSE,1.215319937,2026-04
SH10710,1/12/2026,1/13/2026,1/15/2026,3,Summit Air Cargo,Air,Frankfurt,Atlanta,107.1,734.01,2,FALSE,6.853501401,2026-01
SH10954,1/7/2026,1/7/2026,1/10/2026,4,Atlas Freight,Truck,Pittsburgh,Buffalo,890.4,1751.1,3,FALSE,1.966644205,2026-01
SH10037,4/1/2026,4/3/2026,4/27/2026,24,BlueWave Shipping,Ocean,Singapore,New York City,1429.9,1439.02,24,FALSE,1.006378068,2026-04
SH10636,3/14/2026,3/14/2026,4/8/2026,26,BlueWave Shipping,Ocean,Shanghai,Chicago,2999.5,2480.1,25,FALSE,0.826837806,2026-03
SH10036,7/8/2026,7/9/2026,7/11/2026,3,Summit Air Cargo,Air,Shanghai,New York City,87.7,794.73,2,FALSE,9.061915621,2026-07
SH10947,4/6/2026,4/9/2026,4/14/2026,6,Atlas Freight,Truck,Toronto,New York City,1511.5,2966.62,5,FALSE,1.962699305,2026-04
SH11153,6/30/2026,6/30/2026,7/26/2026,26,BlueWave Shipping,Ocean,Singapore,Dallas,2368.8,2206.7,26,FALSE,0.931568727,2026-06
SH11164,2/1/2026,2/3/2026,3/1/2026,26,Atlas Freight,Ocean,Singapore,Chicago,242.4,330.67,26,FALSE,1.364150165,2026-02
SH10750,2/27/2026,2/27/2026,3/2/2026,3,Summit Air Cargo,Air,Mexico City,Chicago,220.5,1875.36,3,FALSE,8.505034014,2026-02
SH10404,8/20/2026,8/21/2026,8/29/2026,8,Atlas Freight,Truck,Pittsburgh,Chicago,425.5,782.27,8,FALSE,1.838472385,2026-08
SH10837,4/22/2026,4/24/2026,4/26/2026,2,Summit Air Cargo,Air,Frankfurt,New York City,44.8,482.82,2,FALSE,10.77723214,2026-04
SH10856,3/8/2026,3/11/2026,3/16/2026,5,Harbor Express,Truck,Toronto,Buffalo,464.8,1113.85,5,FALSE,2.396407057,2026-03
SH10107,6/27/2026,6/28/2026,7/29/2026,27,Northstar Logistics,Ocean,Singapore,New York City,329.7,508.28,31,TRUE,1.541643919,2026-06
SH10220,5/25/2026,5/28/2026,6/16/2026,20,Atlas Freight,Ocean,Singapore,Buffalo,220.7,310.7,19,FALSE,1.407793385,2026-05
SH10798,1/5/2026,1/7/2026,2/3/2026,28,Atlas Freight,Ocean,Rotterdam,Rochester,779.7,838.46,27,FALSE,1.075362319,2026-01
SH10670,5/26/2026,5/28/2026,6/21/2026,24,BlueWave Shipping,Ocean,Rotterdam,Atlanta,1738.5,1850.99,24,FALSE,1.064705206,2026-05
SH10493,2/16/2026,2/17/2026,3/13/2026,25,BlueWave Shipping,Ocean,Singapore,Rochester,1135.2,1250.79,24,FALSE,1.101823467,2026-02
SH10385,3/27/2026,3/28/2026,4/16/2026,20,BlueWave Shipping,Ocean,Rotterdam,Buffalo,410.3,516.78,19,FALSE,1.259517426,2026-03
SH10465,2/11/2026,2/12/2026,2/18/2026,7,Harbor Express,Truck,Pittsburgh,Rochester,141.3,371.89,6,FALSE,2.631917905,2026-02
SH10584,7/25/2026,7/25/2026,8/16/2026,23,BlueWave Shipping,Ocean,Singapore,New York City,2000.2,2208.39,22,FALSE,1.104084592,2026-07
SH10692,7/23/2026,7/26/2026,8/13/2026,18,Atlas Freight,Ocean,Shanghai,Dallas,1748.9,1557.95,18,FALSE,0.890817085,2026-07
SH11073,2/17/2026,2/19/2026,2/22/2026,4,Summit Air Cargo,Air,Frankfurt,Atlanta,59.1,554.25,3,FALSE,9.378172589,2026-02
SH10335,2/11/2026,2/11/2026,2/18/2026,8,Northstar Logistics,Truck,Montreal,Atlanta,304.7,686,7,FALSE,2.251394815,2026-02
SH10482,3/2/2026,3/3/2026,3/10/2026,7,Harbor Express,Truck,Toronto,Rochester,1434.4,2549.63,7,FALSE,1.777488846,2026-03
SH10996,4/30/2026,5/3/2026,5/23/2026,21,Northstar Logistics,Ocean,Shanghai,Buffalo,1503.8,1849.9,20,FALSE,1.230150286,2026-04
SH10741,3/27/2026,3/29/2026,4/20/2026,23,BlueWave Shipping,Ocean,Singapore,Rochester,962.6,1187.17,22,FALSE,1.233295242,2026-03
SH10866,1/7/2026,1/10/2026,1/27/2026,18,BlueWave Shipping,Ocean,Singapore,Dallas,1377.8,1168.06,17,FALSE,0.84777181,2026-01
SH11125,4/11/2026,4/13/2026,5/4/2026,21,Atlas Freight,Ocean,Rotterdam,New York City,39.3,95.82,21,FALSE,2.438167939,2026-04
SH10829,8/21/2026,8/23/2026,9/19/2026,28,Atlas Freight,Ocean,Shanghai,Rochester,1113.8,1335.88,27,FALSE,1.199389477,2026-08
SH10960,6/13/2026,6/15/2026,7/4/2026,20,Northstar Logistics,Ocean,Singapore,Atlanta,2155.2,2367.41,19,FALSE,1.09846418,2026-06
SH10937,4/22/2026,4/23/2026,4/27/2026,5,Harbor Express,Truck,Toronto,Dallas,675.9,1003.05,4,FALSE,1.484021305,2026-04
SH11126,1/30/2026,1/30/2026,2/4/2026,6,Northstar Logistics,Truck,Toronto,Rochester,665,1357.15,5,FALSE,2.040827068,2026-01
SH10804,4/22/2026,4/22/2026,5/12/2026,20,BlueWave Shipping,Ocean,Singapore,Buffalo,1460.1,1866.73,20,FALSE,1.278494624,2026-04
SH10098,2/9/2026,2/10/2026,2/15/2026,6,Harbor Express,Truck,Montreal,New York City,447.8,1042.07,5,FALSE,2.327087986,2026-02
SH10142,1/29/2026,1/30/2026,2/4/2026,5,Atlas Freight,Truck,Toronto,Chicago,908.1,1833.06,5,FALSE,2.018566237,2026-01
SH10411,3/14/2026,3/15/2026,3/19/2026,5,Harbor Express,Truck,Montreal,Dallas,261.9,427.39,4,FALSE,1.631882398,2026-03
SH10998,7/8/2026,7/11/2026,7/28/2026,18,BlueWave Shipping,Ocean,Singapore,New York City,1619.6,1496.88,17,FALSE,0.924228204,2026-07
SH10550,4/11/2026,4/13/2026,4/16/2026,4,Harbor Express,Truck,Montreal,Dallas,1417.4,2549.26,3,FALSE,1.798546635,2026-04
SH11132,8/2/2026,8/2/2026,9/3/2026,30,Northstar Logistics,Ocean,Singapore,Dallas,3261.5,3269.5,32,TRUE,1.002452859,2026-08
SH10795,2/2/2026,2/5/2026,2/7/2026,3,Summit Air Cargo,Air,Shanghai,Dallas,34.6,349.6,2,FALSE,10.10404624,2026-02
SH10331,8/14/2026,8/15/2026,8/21/2026,6,Northstar Logistics,Truck,Montreal,Dallas,671.4,1477.4,6,FALSE,2.200476616,2026-08
SH10429,7/29/2026,8/1/2026,8/30/2026,29,BlueWave Shipping,Ocean,Rotterdam,New York City,1054.3,1118.3,29,FALSE,1.060703785,2026-07
SH10459,3/13/2026,3/14/2026,4/7/2026,25,BlueWave Shipping,Ocean,Shanghai,Atlanta,2007.6,1701.67,24,FALSE,0.847614067,2026-03
SH10693,7/30/2026,7/31/2026,8/6/2026,7,Harbor Express,Truck,Toronto,Buffalo,526,1007.77,6,FALSE,1.915912548,2026-07
SH10060,1/20/2026,1/22/2026,1/27/2026,5,Harbor Express,Truck,Montreal,Atlanta,507.9,1075.01,5,FALSE,2.116578067,2026-01
SH10735,2/4/2026,2/5/2026,2/27/2026,23,BlueWave Shipping,Ocean,Rotterdam,Chicago,1409.8,1369,22,FALSE,0.971059725,2026-02
SH10905,8/11/2026,8/12/2026,8/20/2026,8,Northstar Logistics,Truck,Toronto,Rochester,675.9,1126.98,8,FALSE,1.667376831,2026-08
SH11114,4/18/2026,4/21/2026,5/3/2026,7,Harbor Express,Truck,Toronto,Atlanta,559.4,1030.76,12,TRUE,1.84261709,2026-04
SH10927,8/15/2026,8/15/2026,9/12/2026,29,BlueWave Shipping,Ocean,Rotterdam,Atlanta,1476.9,1539.47,28,FALSE,1.042365766,2026-08
SH10120,6/9/2026,6/10/2026,6/17/2026,7,Harbor Express,Truck,Pittsburgh,Atlanta,210.7,570.58,7,FALSE,2.708020883,2026-06
SH10456,1/7/2026,1/8/2026,1/12/2026,5,Northstar Logistics,Truck,Pittsburgh,Chicago,256.4,623.86,4,FALSE,2.433151326,2026-01
SH11023,4/3/2026,4/4/2026,5/3/2026,30,BlueWave Shipping,Ocean,Singapore,Dallas,825.9,807.41,29,FALSE,0.977612302,2026-04
SH10564,5/9/2026,5/12/2026,6/1/2026,21,BlueWave Shipping,Ocean,Rotterdam,Dallas,1579.4,1495.56,20,FALSE,0.946916551,2026-05
SH10119,2/18/2026,2/20/2026,3/17/2026,23,BlueWave Shipping,Ocean,Singapore,Buffalo,802.2,809.64,25,TRUE,1.009274495,2026-02
SH10288,7/20/2026,7/21/2026,8/12/2026,22,BlueWave Shipping,Ocean,Singapore,New York City,499.3,495.11,22,FALSE,0.991608252,2026-07
SH10132,4/30/2026,4/30/2026,5/1/2026,2,Summit Air Cargo,Air,Shanghai,Buffalo,108.1,697.29,1,FALSE,6.450416281,2026-04
SH10845,4/27/2026,4/27/2026,4/30/2026,4,Harbor Express,Truck,Pittsburgh,Dallas,237.3,407.3,3,FALSE,1.716392752,2026-04
SH10868,8/9/2026,8/12/2026,8/19/2026,8,Harbor Express,Truck,Montreal,New York City,408.8,883.18,7,FALSE,2.160420744,2026-08
SH11099,7/8/2026,7/8/2026,7/14/2026,7,Harbor Express,Truck,Pittsburgh,Dallas,1798.2,3687.2,6,FALSE,2.050494939,2026-07
SH10126,3/13/2026,3/13/2026,4/5/2026,23,BlueWave Shipping,Ocean,Singapore,Buffalo,1029.7,901.01,23,FALSE,0.875021851,2026-03
SH10508,3/15/2026,3/16/2026,4/9/2026,22,BlueWave Shipping,Ocean,Singapore,New York City,1683.1,2006.31,24,TRUE,1.192032559,2026-03
SH10695,8/1/2026,8/1/2026,8/12/2026,5,Harbor Express,Truck,Toronto,Atlanta,239,466,11,TRUE,1.949790795,2026-08
SH10896,3/6/2026,3/8/2026,3/30/2026,21,BlueWave Shipping,Ocean,Shanghai,Buffalo,1477.2,1307.19,22,TRUE,0.884910642,2026-03
SH10975,1/13/2026,1/16/2026,2/8/2026,23,Northstar Logistics,Ocean,Singapore,Buffalo,2745.2,2394.75,23,FALSE,0.872340813,2026-01
SH10294,1/14/2026,1/16/2026,2/9/2026,24,BlueWave Shipping,Ocean,Rotterdam,Atlanta,1765.5,1494.29,24,FALSE,0.846383461,2026-01
SH11013,7/14/2026,7/15/2026,8/2/2026,18,BlueWave Shipping,Ocean,Singapore,Atlanta,1542.5,1399.14,18,FALSE,0.907059968,2026-07
SH10073,8/10/2026,8/11/2026,8/12/2026,2,Summit Air Cargo,Air,Mexico City,Atlanta,87.7,851.4,1,FALSE,9.708095781,2026-08
SH10621,6/5/2026,6/8/2026,7/6/2026,28,BlueWave Shipping,Ocean,Singapore,Rochester,3354.1,3249.4,28,FALSE,0.968784473,2026-06
SH10594,8/21/2026,8/23/2026,9/11/2026,19,Atlas Freight,Ocean,Singapore,Rochester,3448.9,3401.04,19,FALSE,0.986123112,2026-08
SH10354,4/6/2026,4/9/2026,5/10/2026,29,Northstar Logistics,Ocean,Shanghai,Rochester,963.5,1191.48,31,TRUE,1.236616502,2026-04
SH10312,3/29/2026,3/31/2026,4/2/2026,2,Summit Air Cargo,Air,Frankfurt,Dallas,75.4,640.92,2,FALSE,8.500265252,2026-03
SH10492,5/10/2026,5/11/2026,6/15/2026,30,Atlas Freight,Ocean,Shanghai,Buffalo,172.6,296.55,35,TRUE,1.718134415,2026-05
SH10447,6/11/2026,6/11/2026,7/4/2026,24,BlueWave Shipping,Ocean,Singapore,Dallas,1428.2,1640.81,23,FALSE,1.148865705,2026-06
SH10743,3/5/2026,3/6/2026,3/11/2026,6,Harbor Express,Truck,Pittsburgh,Dallas,131.3,354.49,5,FALSE,2.699847677,2026-03
SH11175,5/2/2026,5/4/2026,5/26/2026,21,Atlas Freight,Ocean,Rotterdam,Chicago,2994.5,3304.94,22,TRUE,1.103670062,2026-05
SH10496,1/11/2026,1/14/2026,2/6/2026,24,Atlas Freight,Ocean,Shanghai,Buffalo,2310.1,1914.66,23,FALSE,0.828821263,2026-01
SH10390,7/30/2026,8/2/2026,8/19/2026,18,Northstar Logistics,Ocean,Singapore,Buffalo,1216.5,1217.33,17,FALSE,1.000682285,2026-07
SH11187,5/20/2026,5/21/2026,5/23/2026,3,Summit Air Cargo,Air,Mexico City,Atlanta,117.6,775.78,2,FALSE,6.596768707,2026-05
SH10672,6/21/2026,6/24/2026,6/28/2026,4,Northstar Logistics,Truck,Montreal,Buffalo,1064.4,2176.45,4,FALSE,2.044767005,2026-06
SH10790,4/17/2026,4/19/2026,4/23/2026,5,Harbor Express,Truck,Montreal,Buffalo,1753.5,3377.54,4,FALSE,1.926170516,2026-04
SH10522,8/25/2026,8/28/2026,9/4/2026,7,Harbor Express,Truck,Toronto,Buffalo,537.7,935.56,7,FALSE,1.739929329,2026-08
SH10421,3/16/2026,3/17/2026,3/20/2026,3,Summit Air Cargo,Air,Shanghai,Atlanta,73.6,553.22,3,FALSE,7.516576087,2026-03
SH10130,5/6/2026,5/6/2026,5/24/2026,18,Atlas Freight,Ocean,Shanghai,Buffalo,2151.1,2011.28,18,FALSE,0.935000697,2026-05
SH10084,1/17/2026,1/17/2026,2/10/2026,18,BlueWave Shipping,Ocean,Shanghai,Chicago,635.8,701.4,24,TRUE,1.1031771,2026-01
SH10346,4/7/2026,4/8/2026,4/18/2026,5,Northstar Logistics,Truck,Pittsburgh,Dallas,61,166.42,10,TRUE,2.728196721,2026-04
SH10164,2/19/2026,2/22/2026,2/27/2026,6,Harbor Express,Truck,Toronto,New York City,1757.6,2648.4,5,FALSE,1.506827492,2026-02
SH10941,8/10/2026,8/11/2026,8/17/2026,7,Northstar Logistics,Truck,Pittsburgh,New York City,820,1728.85,6,FALSE,2.108353659,2026-08
SH10512,1/14/2026,1/17/2026,2/4/2026,18,Atlas Freight,Ocean,Rotterdam,New York City,913.7,951.49,18,FALSE,1.041359308,2026-01
SH10536,3/25/2026,3/27/2026,4/2/2026,7,Atlas Freight,Truck,Toronto,New York City,840.7,1763.52,6,FALSE,2.097680504,2026-03
SH10931,8/23/2026,8/23/2026,,2,Summit Air Cargo,Air,Mexico City,Rochester,72.4,624.63,,FALSE,8.627486188,2026-08
SH10553,6/14/2026,6/16/2026,6/25/2026,4,Atlas Freight,Truck,Pittsburgh,Buffalo,1223.3,1773,9,TRUE,1.449358293,2026-06
SH10124,7/15/2026,7/16/2026,7/23/2026,7,Northstar Logistics,Truck,Pittsburgh,Dallas,314.1,789.4,7,FALSE,2.513212353,2026-07
SH10895,7/13/2026,7/15/2026,7/21/2026,6,Northstar Logistics,Truck,Montreal,New York City,188.2,420.78,6,FALSE,2.235812965,2026-07
SH10317,8/15/2026,8/17/2026,8/23/2026,6,Atlas Freight,Truck,Toronto,Dallas,579.7,1230.33,6,FALSE,2.122356391,2026-08
SH10295,2/11/2026,2/13/2026,3/12/2026,25,BlueWave Shipping,Ocean,Singapore,New York City,1263.6,1211.21,27,TRUE,0.958539095,2026-02
SH10357,2/11/2026,2/14/2026,3/4/2026,19,Northstar Logistics,Ocean,Singapore,New York City,1460.1,1537.24,18,FALSE,1.052831998,2026-02
SH10567,4/16/2026,4/19/2026,4/21/2026,2,Summit Air Cargo,Air,Frankfurt,Chicago,11,155.03,2,FALSE,14.09363636,2026-04
SH10163,4/28/2026,4/29/2026,5/29/2026,27,Northstar Logistics,Ocean,Rotterdam,Atlanta,1316.7,1256.32,30,TRUE,0.954142933,2026-04
SH10219,8/2/2026,8/2/2026,8/29/2026,26,Northstar Logistics,Ocean,Singapore,Chicago,1270,1295.28,27,TRUE,1.019905512,2026-08
SH10714,3/6/2026,3/9/2026,3/28/2026,19,Atlas Freight,Ocean,Rotterdam,Rochester,718.4,822.49,19,FALSE,1.144891425,2026-03
SH10040,8/18/2026,8/21/2026,8/25/2026,4,Harbor Express,Truck,Toronto,Atlanta,433.2,975.4,4,FALSE,2.251615882,2026-08
SH10810,6/2/2026,6/4/2026,,30,BlueWave Shipping,Ocean,Singapore,Chicago,6156,5209.95,,FALSE,0.846320663,2026-06
SH10221,6/21/2026,6/22/2026,6/28/2026,6,Atlas Freight,Truck,Toronto,Atlanta,74.5,296.92,6,FALSE,3.985503356,2026-06
SH10582,7/19/2026,7/20/2026,8/19/2026,30,Northstar Logistics,Ocean,Rotterdam,Buffalo,1930.2,1820.06,30,FALSE,0.942938556,2026-07
SH10969,7/14/2026,7/14/2026,8/11/2026,28,BlueWave Shipping,Ocean,Rotterdam,Dallas,2488.6,2563.15,28,FALSE,1.029956602,2026-07
SH10253,4/19/2026,4/20/2026,4/27/2026,6,Harbor Express,Truck,Pittsburgh,Buffalo,1012.7,1878.27,7,TRUE,1.854715118,2026-04
SH10572,5/29/2026,5/30/2026,6/24/2026,25,BlueWave Shipping,Ocean,Rotterdam,Atlanta,954.9,844.36,25,FALSE,0.884239187,2026-05
SH10811,7/4/2026,7/7/2026,8/5/2026,24,Northstar Logistics,Ocean,Singapore,New York City,1145.6,1099.96,29,TRUE,0.960160615,2026-07
SH10356,6/5/2026,6/6/2026,6/13/2026,7,Northstar Logistics,Truck,Toronto,New York City,951,1605.35,7,FALSE,1.688065195,2026-06
SH10763,6/4/2026,6/6/2026,6/11/2026,6,Northstar Logistics,Truck,Montreal,Buffalo,723.8,1452.84,5,FALSE,2.007239569,2026-06
SH10942,1/12/2026,1/15/2026,1/17/2026,2,Summit Air Cargo,Air,Shanghai,Chicago,211.8,1316.34,2,FALSE,6.215014164,2026-01
SH10222,4/26/2026,4/28/2026,5/5/2026,8,Atlas Freight,Truck,Toronto,Rochester,58.1,205.56,7,FALSE,3.538037866,2026-04
SH10011,8/4/2026,8/6/2026,8/9/2026,4,Harbor Express,Truck,Montreal,Chicago,947,1665.48,3,FALSE,1.758690602,2026-08
SH10783,8/17/2026,8/18/2026,8/22/2026,5,Northstar Logistics,Truck,Pittsburgh,Rochester,149.8,313.75,4,FALSE,2.094459279,2026-08
SH10405,5/24/2026,5/27/2026,6/23/2026,27,BlueWave Shipping,Ocean,Shanghai,Rochester,649.3,806.78,27,FALSE,1.242538118,2026-05
SH10408,2/17/2026,2/18/2026,2/21/2026,4,Summit Air Cargo,Air,Shanghai,Atlanta,239.7,1800.88,3,FALSE,7.513057989,2026-02
SH10595,4/2/2026,4/2/2026,5/1/2026,23,BlueWave Shipping,Ocean,Rotterdam,Dallas,1618.9,1841.34,29,TRUE,1.13740194,2026-04
SH10412,3/19/2026,3/22/2026,3/30/2026,8,Harbor Express,Truck,Pittsburgh,Atlanta,521.5,877.82,8,FALSE,1.683259827,2026-03
SH10446,1/13/2026,1/14/2026,1/19/2026,5,Harbor Express,Truck,Montreal,Buffalo,616.9,1067.12,5,FALSE,1.729810342,2026-01
SH10705,6/26/2026,6/27/2026,7/3/2026,7,Harbor Express,Truck,Montreal,Atlanta,194.7,500.74,6,FALSE,2.571854135,2026-06
SH10372,3/12/2026,3/15/2026,3/26/2026,5,Northstar Logistics,Truck,Montreal,Atlanta,687.2,1494.76,11,TRUE,2.175145518,2026-03
SH10575,3/22/2026,3/24/2026,4/25/2026,26,BlueWave Shipping,Ocean,Singapore,Buffalo,3452.5,3430.79,32,TRUE,0.993711803,2026-03
SH10010,6/10/2026,6/11/2026,7/11/2026,30,Northstar Logistics,Ocean,Singapore,New York City,2095.8,1683.93,30,FALSE,0.803478385,2026-06
SH10985,6/15/2026,6/16/2026,7/12/2026,26,Atlas Freight,Ocean,Rotterdam,Rochester,2047.5,2345.52,26,FALSE,1.145553114,2026-06
SH10327,3/19/2026,3/22/2026,4/14/2026,23,BlueWave Shipping,Ocean,Singapore,Buffalo,3959.5,4517.39,23,FALSE,1.140899103,2026-03
SH11019,6/24/2026,6/27/2026,7/28/2026,27,BlueWave Shipping,Ocean,Singapore,Chicago,1460.1,1634.36,31,TRUE,1.11934799,2026-06
SH10601,5/26/2026,5/27/2026,5/31/2026,4,Summit Air Cargo,Air,Mexico City,Dallas,77,693.48,4,FALSE,9.006233766,2026-05
SH10133,1/5/2026,1/5/2026,1/13/2026,5,Northstar Logistics,Truck,Toronto,Buffalo,552.1,1154.8,8,TRUE,2.091650063,2026-01
SH11180,5/15/2026,5/17/2026,6/13/2026,27,Atlas Freight,Ocean,Shanghai,Atlanta,3103.8,3238.92,27,FALSE,1.043533733,2026-05
SH10189,5/11/2026,5/14/2026,6/11/2026,29,BlueWave Shipping,Ocean,Rotterdam,Dallas,1860.4,1664.06,28,FALSE,0.894463556,2026-05
SH11147,3/30/2026,4/1/2026,4/8/2026,7,Northstar Logistics,Truck,Pittsburgh,New York City,153.1,384.81,7,FALSE,2.513455258,2026-03
SH11072,7/22/2026,7/23/2026,7/28/2026,6,Harbor Express,Truck,Toronto,Atlanta,1334,2520.62,5,FALSE,1.88952024,2026-07
SH10300,8/5/2026,8/6/2026,9/3/2026,29,Northstar Logistics,Ocean,Singapore,Chicago,3632.9,4133.53,28,FALSE,1.137804509,2026-08
SH10697,4/3/2026,4/4/2026,5/1/2026,27,Atlas Freight,Ocean,Rotterdam,Dallas,2052.5,1806.24,27,FALSE,0.880019488,2026-04
SH10608,1/14/2026,1/14/2026,1/19/2026,6,Atlas Freight,Truck,Montreal,Buffalo,1006.6,1569.82,5,FALSE,1.559527121,2026-01
SH10224,2/20/2026,2/23/2026,3/2/2026,8,Harbor Express,Truck,Montreal,New York City,339.4,656.03,7,FALSE,1.932911019,2026-02
SH10865,8/13/2026,8/13/2026,8/16/2026,4,Summit Air Cargo,Air,Shanghai,Rochester,106.2,1003.95,3,FALSE,9.453389831,2026-08
SH10828,8/17/2026,8/19/2026,8/27/2026,8,Northstar Logistics,Truck,Pittsburgh,Buffalo,544.3,1145.74,8,FALSE,2.104978872,2026-08
SH10739,6/22/2026,6/24/2026,6/29/2026,5,Harbor Express,Truck,Pittsburgh,Dallas,250.1,540.47,5,FALSE,2.161015594,2026-06
SH10481,1/29/2026,1/29/2026,2/1/2026,4,Summit Air Cargo,Air,Mexico City,Rochester,262.4,1638.67,3,FALSE,6.244931402,2026-01
SH10033,1/15/2026,1/16/2026,1/21/2026,3,Summit Air Cargo,Air,Shanghai,New York City,514.7,3720.59,5,TRUE,7.22865747,2026-01
SH10326,3/3/2026,3/6/2026,3/13/2026,7,Northstar Logistics,Truck,Montreal,New York City,960.3,1510.6,7,FALSE,1.573050089,2026-03
SH11091,1/21/2026,1/21/2026,1/25/2026,4,Harbor Express,Truck,Toronto,Chicago,240.1,557.86,4,FALSE,2.323448563,2026-01
SH10257,2/18/2026,2/18/2026,2/22/2026,5,Harbor Express,Truck,Pittsburgh,Buffalo,577.8,1031.15,4,FALSE,1.784614053,2026-02
SH10834,7/18/2026,7/21/2026,8/9/2026,19,BlueWave Shipping,Ocean,Rotterdam,Chicago,1737.4,1820.72,19,FALSE,1.047956717,2026-07
SH10251,2/1/2026,2/2/2026,3/8/2026,30,Atlas Freight,Ocean,Rotterdam,Chicago,809.7,966.08,34,TRUE,1.193133259,2026-02
SH10591,7/31/2026,8/1/2026,8/26/2026,19,BlueWave Shipping,Ocean,Shanghai,Rochester,581.3,676.92,25,TRUE,1.164493377,2026-07
SH11156,3/22/2026,3/22/2026,4/10/2026,20,Atlas Freight,Ocean,Shanghai,Rochester,1515.4,1375.7,19,FALSE,0.907813119,2026-03
SH11121,2/20/2026,2/20/2026,3/11/2026,20,BlueWave Shipping,Ocean,Rotterdam,Atlanta,1466.2,1761.34,19,FALSE,1.201295867,2026-02
SH10237,8/21/2026,8/22/2026,9/20/2026,30,Northstar Logistics,Ocean,Rotterdam,Rochester,1420.4,1407.74,29,FALSE,0.991087018,2026-08
SH10403,5/9/2026,5/11/2026,5/14/2026,4,Summit Air Cargo,Air,Shanghai,Dallas,335.5,2311.83,3,FALSE,6.890700447,2026-05
SH11041,7/15/2026,7/18/2026,8/16/2026,26,Northstar Logistics,Ocean,Rotterdam,New York City,324.8,542.79,29,TRUE,1.671151478,2026-07
SH10262,2/20/2026,2/21/2026,2/25/2026,4,Harbor Express,Truck,Pittsburgh,Buffalo,1524.4,2764.96,4,FALSE,1.813802152,2026-02
SH10940,8/9/2026,8/9/2026,8/28/2026,19,BlueWave Shipping,Ocean,Shanghai,Rochester,1658.6,1558.47,19,FALSE,0.939629808,2026-08
SH10433,8/12/2026,8/13/2026,9/3/2026,21,Northstar Logistics,Ocean,Rotterdam,Atlanta,1315.6,1530.39,21,FALSE,1.16326391,2026-08
SH10426,5/6/2026,5/8/2026,6/1/2026,25,Atlas Freight,Ocean,Rotterdam,Atlanta,1214.1,1472.45,24,FALSE,1.212791368,2026-05
SH10570,6/6/2026,6/7/2026,6/14/2026,5,Harbor Express,Truck,Pittsburgh,Rochester,1073.3,1833.26,7,TRUE,1.708059256,2026-06
SH10652,5/23/2026,5/23/2026,5/31/2026,8,Harbor Express,Truck,Montreal,Atlanta,965.6,1516.11,8,FALSE,1.570122204,2026-05
SH10935,8/18/2026,8/21/2026,8/22/2026,2,Summit Air Cargo,Air,Frankfurt,New York City,93.2,800.93,1,FALSE,8.593669528,2026-08
SH10437,2/8/2026,2/10/2026,2/19/2026,5,Northstar Logistics,Truck,Pittsburgh,New York City,3479.7,6261.15,9,TRUE,1.79933615,2026-02
SH10597,5/16/2026,5/19/2026,5/25/2026,5,Northstar Logistics,Truck,Montreal,Rochester,308.4,577.37,6,TRUE,1.872146563,2026-05
SH10198,3/27/2026,3/30/2026,4/4/2026,6,Northstar Logistics,Truck,Montreal,Rochester,803.1,1635.64,5,FALSE,2.03665795,2026-03
SH10826,5/8/2026,5/11/2026,5/16/2026,4,Northstar Logistics,Truck,Pittsburgh,Dallas,1007.4,1485.29,5,TRUE,1.474379591,2026-05
SH10022,7/5/2026,7/6/2026,7/23/2026,18,BlueWave Shipping,Ocean,Singapore,Rochester,3187.5,3384.75,17,FALSE,1.061882353,2026-07
SH10643,3/11/2026,3/12/2026,4/3/2026,23,Atlas Freight,Ocean,Singapore,Buffalo,1223.3,1081.56,22,FALSE,0.884133083,2026-03
SH10205,6/15/2026,6/17/2026,7/16/2026,30,BlueWave Shipping,Ocean,Rotterdam,Dallas,924.5,892.13,29,FALSE,0.964986479,2026-06
SH10006,7/13/2026,7/16/2026,7/22/2026,3,Summit Air Cargo,Air,Mexico City,Atlanta,117.9,774.22,6,TRUE,6.566751484,2026-07
SH10079,5/15/2026,5/15/2026,6/3/2026,20,BlueWave Shipping,Ocean,Singapore,Chicago,699.9,734.98,19,FALSE,1.050121446,2026-05
SH10185,7/21/2026,7/21/2026,7/28/2026,8,Harbor Express,Truck,Montreal,Atlanta,682,1417.21,7,FALSE,2.078020528,2026-07
SH10711,5/11/2026,5/12/2026,5/31/2026,20,BlueWave Shipping,Ocean,Shanghai,Dallas,560.2,614.4,19,FALSE,1.09675116,2026-05
SH10478,5/15/2026,5/18/2026,5/25/2026,7,Northstar Logistics,Truck,Montreal,New York City,707.7,1360.29,7,FALSE,1.92212802,2026-05
SH10055,2/5/2026,2/8/2026,2/16/2026,8,Atlas Freight,Truck,Toronto,New York City,1391.2,2581.23,8,FALSE,1.855398217,2026-02
SH10967,6/8/2026,6/9/2026,6/14/2026,6,Harbor Express,Truck,Pittsburgh,New York City,805.9,1422.5,5,FALSE,1.765107333,2026-06
SH10981,5/24/2026,5/25/2026,5/31/2026,6,Atlas Freight,Truck,Toronto,Rochester,562.7,961.67,6,FALSE,1.709027901,2026-05
SH10430,4/28/2026,4/29/2026,5/21/2026,22,BlueWave Shipping,Ocean,Shanghai,Rochester,2141.3,1963.57,22,FALSE,0.916999019,2026-04
SH10021,3/16/2026,3/17/2026,4/4/2026,18,Atlas Freight,Ocean,Rotterdam,New York City,451.2,650.38,18,FALSE,1.441445035,2026-03
SH10760,8/13/2026,8/16/2026,8/20/2026,4,Atlas Freight,Truck,Montreal,Dallas,380,907.8,4,FALSE,2.388947368,2026-08
SH10689,2/9/2026,2/11/2026,2/15/2026,4,Summit Air Cargo,Air,Shanghai,Buffalo,186.8,1329.5,4,FALSE,7.117237687,2026-02
SH10532,2/19/2026,2/19/2026,2/26/2026,8,Harbor Express,Truck,Toronto,Chicago,817.4,1723.8,7,FALSE,2.10888182,2026-02
SH10588,5/31/2026,5/31/2026,6/3/2026,4,Summit Air Cargo,Air,Mexico City,New York City,51.1,501.57,3,FALSE,9.815459883,2026-05
SH10602,3/6/2026,3/6/2026,3/8/2026,3,Summit Air Cargo,Air,Mexico City,Chicago,209,1776.56,2,FALSE,8.500287081,2026-03
SH11170,3/25/2026,3/25/2026,4/21/2026,27,BlueWave Shipping,Ocean,Shanghai,Atlanta,2583.8,2394.02,27,FALSE,0.926550043,2026-03
SH10781,2/2/2026,2/3/2026,3/1/2026,26,Northstar Logistics,Ocean,Singapore,Dallas,810.1,725.45,26,FALSE,0.895506728,2026-02
SH10143,3/8/2026,3/11/2026,4/6/2026,22,BlueWave Shipping,Ocean,Shanghai,Buffalo,1000.5,1165.2,26,TRUE,1.164617691,2026-03
SH10816,2/5/2026,2/6/2026,2/12/2026,6,Harbor Express,Truck,Montreal,Buffalo,2011,3435.05,6,FALSE,1.708130283,2026-02
SH11002,6/30/2026,6/30/2026,7/29/2026,24,Northstar Logistics,Ocean,Shanghai,Chicago,812.4,1034.85,29,TRUE,1.273818316,2026-06
SH10266,3/14/2026,3/15/2026,4/2/2026,19,Northstar Logistics,Ocean,Rotterdam,Buffalo,13.7,147.5,18,FALSE,10.76642336,2026-03
SH10844,3/28/2026,3/30/2026,4/5/2026,6,Northstar Logistics,Truck,Montreal,Chicago,705.4,1055.51,6,FALSE,1.496328324,2026-03
SH10932,8/21/2026,8/22/2026,8/26/2026,5,Harbor Express,Truck,Toronto,Rochester,246.7,498.67,4,FALSE,2.021361978,2026-08
SH10283,1/13/2026,1/15/2026,2/14/2026,29,Northstar Logistics,Ocean,Rotterdam,Dallas,1196.9,1008.79,30,TRUE,0.842835659,2026-01
SH10106,2/26/2026,2/28/2026,3/2/2026,2,Summit Air Cargo,Air,Mexico City,New York City,48.4,376.2,2,FALSE,7.772727273,2026-02
SH11080,7/30/2026,7/31/2026,,3,Summit Air Cargo,Air,Mexico City,Chicago,83,754.47,,FALSE,9.09,2026-07
SH11053,1/16/2026,1/19/2026,2/15/2026,22,Atlas Freight,Ocean,Rotterdam,Atlanta,3965.5,4258.06,27,TRUE,1.073776321,2026-01
SH10764,5/24/2026,5/24/2026,5/26/2026,3,Summit Air Cargo,Air,Frankfurt,New York City,34.9,461.21,2,FALSE,13.21518625,2026-05
SH10438,2/4/2026,2/5/2026,2/9/2026,5,Northstar Logistics,Truck,Montreal,Rochester,347,720.75,4,FALSE,2.077089337,2026-02
SH10450,7/9/2026,7/11/2026,7/17/2026,6,Harbor Express,Truck,Montreal,New York City,622.3,1133.84,6,FALSE,1.822015105,2026-07
SH10146,7/13/2026,7/14/2026,7/22/2026,3,Summit Air Cargo,Air,Mexico City,Buffalo,50.3,398.88,8,TRUE,7.930019881,2026-07
SH10329,1/13/2026,1/16/2026,1/17/2026,2,Summit Air Cargo,Air,Shanghai,Rochester,12.9,147.42,1,FALSE,11.42790698,2026-01
SH10045,6/7/2026,6/10/2026,6/15/2026,5,Northstar Logistics,Truck,Toronto,New York City,1214.2,1920.96,5,FALSE,1.582078735,2026-06
SH10057,5/13/2026,5/15/2026,6/10/2026,27,Northstar Logistics,Ocean,Rotterdam,Chicago,1725.8,1941.83,26,FALSE,1.12517673,2026-05
SH10091,3/20/2026,3/22/2026,3/23/2026,2,Summit Air Cargo,Air,Mexico City,Buffalo,138.3,1010.63,1,FALSE,7.307519884,2026-03
SH10946,7/5/2026,7/8/2026,8/3/2026,27,Northstar Logistics,Ocean,Shanghai,Chicago,618.9,714.63,26,FALSE,1.154677654,2026-07
SH10849,4/30/2026,4/30/2026,5/6/2026,7,Northstar Logistics,Truck,Montreal,Atlanta,192.6,525.16,6,FALSE,2.726687435,2026-04
SH10520,6/14/2026,6/15/2026,6/23/2026,8,Atlas Freight,Truck,Toronto,Rochester,282.9,650.02,8,FALSE,2.297702368,2026-06
SH10979,6/1/2026,6/3/2026,7/1/2026,22,Atlas Freight,Ocean,Rotterdam,Rochester,967.9,1200.43,28,TRUE,1.240241761,2026-06
SH10638,8/23/2026,8/25/2026,8/28/2026,4,Atlas Freight,Truck,Pittsburgh,Atlanta,134.4,350.53,3,FALSE,2.608110119,2026-08
SH10645,1/16/2026,1/16/2026,1/21/2026,6,Harbor Express,Truck,Pittsburgh,Rochester,759,1519.39,5,FALSE,2.001831357,2026-01
SH11148,3/20/2026,3/22/2026,4/8/2026,18,Atlas Freight,Ocean,Singapore,New York City,1044.6,916.26,17,FALSE,0.877139575,2026-03
SH11137,2/19/2026,2/21/2026,2/26/2026,6,Harbor Express,Truck,Toronto,Buffalo,588.1,1045.06,5,FALSE,1.777010712,2026-02
SH10273,7/3/2026,7/3/2026,7/7/2026,5,Atlas Freight,Truck,Pittsburgh,New York City,1197.1,1821.93,4,FALSE,1.521953053,2026-07
SH10104,3/6/2026,3/6/2026,3/12/2026,6,Atlas Freight,Truck,Toronto,Rochester,269.9,604.1,6,FALSE,2.238236384,2026-03
SH10861,2/24/2026,2/25/2026,3/1/2026,4,Harbor Express,Truck,Toronto,Rochester,981.1,2064.17,4,FALSE,2.103934359,2026-02
SH11113,8/24/2026,8/27/2026,9/21/2026,26,BlueWave Shipping,Ocean,Shanghai,Dallas,2894.8,3395.27,25,FALSE,1.172885864,2026-08
SH10916,3/30/2026,3/30/2026,4/3/2026,4,Harbor Express,Truck,Montreal,Rochester,1324.4,2502.54,4,FALSE,1.889565086,2026-03
SH10078,6/18/2026,6/20/2026,6/23/2026,4,Summit Air Cargo,Air,Shanghai,Buffalo,113.3,842.52,3,FALSE,7.436187114,2026-06
SH10551,1/11/2026,1/11/2026,1/17/2026,6,Harbor Express,Truck,Toronto,New York City,1393.6,2510.29,6,FALSE,1.801298794,2026-01
SH10173,6/29/2026,6/30/2026,7/7/2026,6,Northstar Logistics,Truck,Montreal,Buffalo,1432.7,2817.87,7,TRUE,1.966824876,2026-06
SH11185,7/6/2026,7/8/2026,7/15/2026,8,Harbor Express,Truck,Pittsburgh,Buffalo,633.5,1019.89,7,FALSE,1.609928966,2026-07
SH11032,2/24/2026,2/24/2026,2/26/2026,2,Summit Air Cargo,Air,Frankfurt,New York City,34.2,276.14,2,FALSE,8.074269006,2026-02
SH10470,1/27/2026,1/30/2026,2/2/2026,4,Summit Air Cargo,Air,Mexico City,Atlanta,301.6,2171.23,3,FALSE,7.199038462,2026-01
SH10176,3/2/2026,3/5/2026,3/11/2026,6,Atlas Freight,Truck,Montreal,Rochester,231.7,554.66,6,FALSE,2.393871385,2026-03
SH10803,3/25/2026,3/28/2026,4/4/2026,4,Summit Air Cargo,Air,Frankfurt,Rochester,329,2526.28,7,TRUE,7.678662614,2026-03
SH10534,1/29/2026,1/30/2026,2/5/2026,6,Atlas Freight,Truck,Toronto,Dallas,1164.6,2327.01,6,FALSE,1.998119526,2026-01
SH10298,6/10/2026,6/12/2026,6/23/2026,8,Northstar Logistics,Truck,Pittsburgh,Chicago,643.4,1076.51,11,TRUE,1.673158222,2026-06
SH10265,2/8/2026,2/9/2026,2/20/2026,5,Harbor Express,Truck,Toronto,Buffalo,1032.8,1920.54,11,TRUE,1.859546863,2026-02
SH11063,1/29/2026,1/30/2026,2/4/2026,6,Harbor Express,Truck,Pittsburgh,Buffalo,1735.9,3589.55,5,FALSE,2.067832248,2026-01
SH10863,6/12/2026,6/12/2026,6/30/2026,19,BlueWave Shipping,Ocean,Singapore,Buffalo,1593.8,1473.6,18,FALSE,0.924582758,2026-06
SH10051,5/13/2026,5/15/2026,6/12/2026,27,Northstar Logistics,Ocean,Singapore,Chicago,722.2,822.43,28,TRUE,1.13878427,2026-05
SH10048,6/13/2026,6/16/2026,6/21/2026,4,Harbor Express,Truck,Pittsburgh,Rochester,979.6,1588.44,5,TRUE,1.621518987,2026-06
SH10392,6/8/2026,6/8/2026,6/13/2026,5,Northstar Logistics,Truck,Montreal,Atlanta,675.9,1261.06,5,FALSE,1.865749371,2026-06
SH10791,3/11/2026,3/13/2026,3/16/2026,4,Harbor Express,Truck,Toronto,Rochester,658.7,1199.25,3,FALSE,1.820631547,2026-03
SH10409,2/28/2026,3/1/2026,3/2/2026,2,Summit Air Cargo,Air,Mexico City,Buffalo,42.8,452.55,1,FALSE,10.57359813,2026-02
SH10401,5/28/2026,5/30/2026,6/17/2026,18,BlueWave Shipping,Ocean,Shanghai,Chicago,3107.6,3104.32,18,FALSE,0.998944523,2026-05
SH10823,2/4/2026,2/5/2026,2/14/2026,3,Summit Air Cargo,Air,Frankfurt,Dallas,226.7,1574.72,9,TRUE,6.946272607,2026-02
SH10609,5/10/2026,5/10/2026,5/29/2026,19,BlueWave Shipping,Ocean,Singapore,Rochester,1010,1033.39,19,FALSE,1.023158416,2026-05
SH11070,5/19/2026,5/22/2026,6/16/2026,25,Atlas Freight,Ocean,Rotterdam,New York City,3437.8,3121.02,25,FALSE,0.90785386,2026-05
SH10473,7/7/2026,7/9/2026,7/16/2026,7,Harbor Express,Truck,Pittsburgh,Atlanta,369,675.17,7,FALSE,1.829728997,2026-07
SH10174,2/10/2026,2/11/2026,3/11/2026,28,Atlas Freight,Ocean,Singapore,Rochester,2085.9,2422.73,28,FALSE,1.161479457,2026-02
SH10787,8/13/2026,8/15/2026,9/10/2026,27,Atlas Freight,Ocean,Rotterdam,Rochester,1460.1,1174.48,26,FALSE,0.804383261,2026-08
SH10137,7/29/2026,8/1/2026,8/20/2026,20,BlueWave Shipping,Ocean,Shanghai,Atlanta,74.3,211.16,19,FALSE,2.841991925,2026-07
SH10561,2/7/2026,2/9/2026,3/9/2026,29,Atlas Freight,Ocean,Shanghai,Rochester,430.1,500.24,28,FALSE,1.163078354,2026-02
SH11065,1/16/2026,1/18/2026,2/12/2026,25,Atlas Freight,Ocean,Rotterdam,Atlanta,2033.8,2153.07,25,FALSE,1.058643918,2026-01
SH10593,1/10/2026,1/12/2026,1/13/2026,2,Summit Air Cargo,Air,Shanghai,Atlanta,130.4,1078.98,1,FALSE,8.274386503,2026-01
SH10118,8/15/2026,8/17/2026,8/22/2026,5,Atlas Freight,Truck,Pittsburgh,Dallas,1602.2,2913.05,5,FALSE,1.818156285,2026-08
SH10113,4/2/2026,4/3/2026,4/7/2026,4,Summit Air Cargo,Air,Mexico City,Chicago,139.2,950.15,4,FALSE,6.82579023,2026-04
SH10565,6/2/2026,6/4/2026,6/12/2026,8,Harbor Express,Truck,Montreal,Atlanta,178.2,507.81,8,FALSE,2.8496633,2026-06
SH10537,7/24/2026,7/25/2026,8/1/2026,7,Harbor Express,Truck,Montreal,Dallas,1171.9,2081.4,7,FALSE,1.77609011,2026-07
SH10127,2/6/2026,2/8/2026,2/9/2026,2,Summit Air Cargo,Air,Shanghai,New York City,36.1,372.07,1,FALSE,10.3066482,2026-02
SH10275,4/24/2026,4/27/2026,5/3/2026,7,Harbor Express,Truck,Pittsburgh,Chicago,222.8,476.88,6,FALSE,2.140394973,2026-04
SH10186,1/25/2026,1/25/2026,1/29/2026,4,Summit Air Cargo,Air,Frankfurt,New York City,87.7,197.84,4,FALSE,2.255872292,2026-01
SH10507,8/18/2026,8/19/2026,9/5/2026,18,BlueWave Shipping,Ocean,Singapore,New York City,2118,2040.29,17,FALSE,0.963309726,2026-08
SH10898,2/20/2026,2/21/2026,2/26/2026,5,Harbor Express,Truck,Pittsburgh,New York City,780.9,1424.16,5,FALSE,1.823741836,2026-02
SH10369,5/11/2026,5/14/2026,5/16/2026,2,Summit Air Cargo,Air,Shanghai,Rochester,91.4,709.19,2,FALSE,7.759190372,2026-05
SH10112,3/21/2026,3/24/2026,4/10/2026,18,Atlas Freight,Ocean,Shanghai,Atlanta,3371.5,3302.85,17,FALSE,0.979638143,2026-03
SH10384,1/10/2026,1/11/2026,1/13/2026,2,Summit Air Cargo,Air,Mexico City,Dallas,9.4,187.73,2,FALSE,19.9712766,2026-01
SH10191,3/4/2026,3/7/2026,3/14/2026,8,Harbor Express,Truck,Pittsburgh,Chicago,1871.4,3679.88,7,FALSE,1.966378113,2026-03
SH10934,5/24/2026,5/24/2026,5/28/2026,5,Harbor Express,Truck,Toronto,New York City,253.1,581.29,4,FALSE,2.296681154,2026-05
SH11005,2/11/2026,2/11/2026,2/16/2026,6,Atlas Freight,Truck,Toronto,Buffalo,580.5,1035.72,5,FALSE,1.784186047,2026-02
SH10246,1/27/2026,1/30/2026,2/22/2026,24,Atlas Freight,Ocean,Singapore,Atlanta,1818.4,1875.79,23,FALSE,1.031560713,2026-01
SH10882,1/11/2026,1/13/2026,1/17/2026,4,Harbor Express,Truck,Toronto,Chicago,2006.4,3370.29,4,FALSE,1.679769737,2026-01
SH11189,5/4/2026,5/7/2026,5/14/2026,7,Northstar Logistics,Truck,Pittsburgh,Buffalo,632.5,1180.41,7,FALSE,1.86626087,2026-05
SH10910,3/13/2026,3/14/2026,3/17/2026,4,Harbor Express,Truck,Pittsburgh,Atlanta,1524.2,2401.86,3,FALSE,1.575816822,2026-03
SH11146,6/8/2026,6/11/2026,6/12/2026,2,Summit Air Cargo,Air,Shanghai,Rochester,186.2,1458.44,1,FALSE,7.832653061,2026-06
SH10785,6/17/2026,6/17/2026,7/11/2026,24,BlueWave Shipping,Ocean,Rotterdam,Buffalo,1153,1299.79,24,FALSE,1.127311362,2026-06
SH10428,7/10/2026,7/11/2026,7/16/2026,4,Summit Air Cargo,Air,Mexico City,Rochester,166.7,1418.85,5,TRUE,8.51139772,2026-07
SH10948,4/12/2026,4/15/2026,4/21/2026,7,Harbor Express,Truck,Pittsburgh,Rochester,427,830.58,6,FALSE,1.945152225,2026-04
SH10873,6/18/2026,6/19/2026,6/23/2026,4,Harbor Express,Truck,Toronto,Chicago,243.2,443.44,4,FALSE,1.823355263,2026-06
SH10684,5/28/2026,5/29/2026,,28,BlueWave Shipping,Ocean,Rotterdam,Chicago,2918.7,2384.4,,FALSE,0.816939048,2026-05
SH10105,7/3/2026,7/4/2026,7/15/2026,5,Atlas Freight,Truck,Montreal,Buffalo,790.1,1764.23,11,TRUE,2.232919884,2026-07
SH11139,5/21/2026,5/22/2026,5/25/2026,4,Summit Air Cargo,Air,Shanghai,New York City,117.5,1042,3,FALSE,8.868085106,2026-05
SH10081,3/16/2026,3/19/2026,3/23/2026,4,Harbor Express,Truck,Toronto,Atlanta,1198.1,2392.31,4,FALSE,1.996753193,2026-03
SH10472,8/1/2026,8/2/2026,8/8/2026,6,Harbor Express,Truck,Montreal,Dallas,213.2,482.63,6,FALSE,2.263742964,2026-08
SH11051,6/1/2026,6/4/2026,6/11/2026,4,Summit Air Cargo,Air,Frankfurt,Buffalo,19.1,259.6,7,TRUE,13.59162304,2026-06
SH10778,7/5/2026,7/8/2026,7/9/2026,2,Summit Air Cargo,Air,Shanghai,New York City,87.7,1362.01,1,FALSE,15.53033067,2026-07
SH10225,5/2/2026,5/2/2026,5/26/2026,25,Northstar Logistics,Ocean,Rotterdam,Chicago,360,547.33,24,FALSE,1.520361111,2026-05
SH11163,2/23/2026,2/24/2026,3/4/2026,8,Harbor Express,Truck,Montreal,Rochester,584.8,1114.57,8,FALSE,1.905899453,2026-02
SH10337,2/10/2026,2/13/2026,2/17/2026,4,Harbor Express,Truck,Toronto,Chicago,190.5,372.18,4,FALSE,1.953700787,2026-02
SH10304,1/20/2026,1/21/2026,2/17/2026,27,BlueWave Shipping,Ocean,Singapore,Atlanta,3447,3404.54,27,FALSE,0.987682042,2026-01
SH10504,4/25/2026,4/28/2026,5/4/2026,7,Northstar Logistics,Truck,Montreal,Buffalo,404.3,850.78,6,FALSE,2.104328469,2026-04
SH11037,7/31/2026,7/31/2026,8/1/2026,2,Summit Air Cargo,Air,Frankfurt,Buffalo,39.4,430.68,1,FALSE,10.93096447,2026-07
SH10878,8/27/2026,8/29/2026,9/19/2026,22,Northstar Logistics,Ocean,Rotterdam,Atlanta,4024.4,3288.31,21,FALSE,0.817093231,2026-08
SH10559,1/30/2026,1/30/2026,2/26/2026,28,Atlas Freight,Ocean,Rotterdam,Rochester,1744.6,1568.03,27,FALSE,0.898790554,2026-01
SH11154,6/7/2026,6/7/2026,6/11/2026,4,Summit Air Cargo,Air,Frankfurt,Rochester,66.8,622.47,4,FALSE,9.318413174,2026-06
SH11150,1/29/2026,1/31/2026,2/4/2026,5,Atlas Freight,Truck,Toronto,Chicago,705.5,1396.15,4,FALSE,1.978951099,2026-01
SH10848,4/19/2026,4/19/2026,5/17/2026,28,BlueWave Shipping,Ocean,Shanghai,Atlanta,1548.6,1304.33,28,FALSE,0.84226398,2026-04
SH10072,7/29/2026,8/1/2026,8/6/2026,3,Summit Air Cargo,Air,Frankfurt,Chicago,119.9,959.8,5,TRUE,8.00500417,2026-07
SH10086,1/5/2026,1/5/2026,1/24/2026,20,Northstar Logistics,Ocean,Rotterdam,Rochester,484.4,612.87,19,FALSE,1.265214699,2026-01
SH10270,4/9/2026,4/9/2026,5/8/2026,30,Northstar Logistics,Ocean,Singapore,Atlanta,2679.7,2693.7,29,FALSE,1.005224465,2026-04
SH10308,2/14/2026,2/15/2026,2/22/2026,7,Harbor Express,Truck,Pittsburgh,Rochester,714.3,1327.12,7,FALSE,1.857930841,2026-02
SH10364,6/17/2026,6/17/2026,6/23/2026,5,Harbor Express,Truck,Toronto,Dallas,690,1175.76,6,TRUE,1.704,2026-06
SH10626,1/19/2026,1/21/2026,1/27/2026,7,Harbor Express,Truck,Montreal,Chicago,1715.2,2554.94,6,FALSE,1.48958722,2026-01
SH11138,1/8/2026,1/10/2026,1/13/2026,3,Summit Air Cargo,Air,Mexico City,Buffalo,23.3,269.59,3,FALSE,11.57038627,2026-01
SH11052,6/28/2026,7/1/2026,7/7/2026,7,Atlas Freight,Truck,Toronto,New York City,3300.4,5027.77,6,FALSE,1.523382014,2026-06
SH10547,3/18/2026,3/20/2026,3/25/2026,6,Harbor Express,Truck,Pittsburgh,Atlanta,1236.6,2627.24,5,FALSE,2.124567362,2026-03
SH10959,1/21/2026,1/23/2026,1/28/2026,6,Northstar Logistics,Truck,Pittsburgh,New York City,417.8,878.07,5,FALSE,2.101651508,2026-01
SH11003,8/18/2026,8/18/2026,8/26/2026,6,Northstar Logistics,Truck,Pittsburgh,Atlanta,1922.3,3521.13,8,TRUE,1.831727618,2026-08
SH10501,6/24/2026,6/27/2026,7/1/2026,4,Harbor Express,Truck,Pittsburgh,Chicago,1145.8,1876.79,4,FALSE,1.637973468,2026-06
SH10216,4/10/2026,4/12/2026,5/4/2026,23,Northstar Logistics,Ocean,Singapore,New York City,678,628.03,22,FALSE,0.926297935,2026-04
SH11155,4/18/2026,4/21/2026,4/23/2026,2,Summit Air Cargo,Air,Shanghai,Buffalo,119.3,1082.98,2,FALSE,9.077787091,2026-04
SH10050,8/20/2026,8/23/2026,8/31/2026,8,Harbor Express,Truck,Toronto,Atlanta,774.1,1523.95,8,FALSE,1.968673298,2026-08
SH10957,5/12/2026,5/14/2026,5/21/2026,7,Northstar Logistics,Truck,Montreal,Rochester,210,454.03,7,FALSE,2.162047619,2026-05
SH10759,1/17/2026,1/18/2026,2/15/2026,28,BlueWave Shipping,Ocean,Shanghai,Buffalo,1698.4,1526.14,28,FALSE,0.89857513,2026-01
SH10026,4/8/2026,4/11/2026,4/13/2026,2,Summit Air Cargo,Air,Frankfurt,Buffalo,199.5,1690.89,2,FALSE,8.475639098,2026-04
SH11196,3/1/2026,3/2/2026,3/29/2026,28,BlueWave Shipping,Ocean,Rotterdam,New York City,1826.7,1718.96,27,FALSE,0.941019324,2026-03
SH10562,8/6/2026,8/9/2026,8/14/2026,5,Northstar Logistics,Truck,Montreal,Dallas,307.4,715.57,5,FALSE,2.327813923,2026-08
SH11055,5/1/2026,5/3/2026,6/1/2026,29,BlueWave Shipping,Ocean,Rotterdam,Chicago,1542.1,1629.99,29,FALSE,1.05699371,2026-05
SH10660,6/5/2026,6/6/2026,6/14/2026,3,Summit Air Cargo,Air,Mexico City,Atlanta,87.7,768.22,8,TRUE,8.75963512,2026-06
SH10082,4/18/2026,4/21/2026,5/17/2026,26,Northstar Logistics,Ocean,Rotterdam,Rochester,3475.1,3862.98,26,FALSE,1.111616932,2026-04
SH10963,8/19/2026,8/21/2026,8/26/2026,6,Northstar Logistics,Truck,Montreal,Atlanta,722.3,1536.94,5,FALSE,2.127841617,2026-08
SH10491,5/27/2026,5/27/2026,5/31/2026,4,Summit Air Cargo,Air,Shanghai,New York City,151.6,1241.54,4,FALSE,8.189577836,2026-05
SH10765,1/18/2026,1/18/2026,1/31/2026,7,Northstar Logistics,Truck,Montreal,Atlanta,1410.8,2272.44,13,TRUE,1.610745676,2026-01
SH10838,4/15/2026,4/15/2026,5/8/2026,23,Atlas Freight,Ocean,Rotterdam,New York City,2328.4,2627.77,23,FALSE,1.128573269,2026-04
SH10035,7/12/2026,7/14/2026,7/15/2026,2,Summit Air Cargo,Air,Mexico City,Dallas,104.1,741.98,1,FALSE,7.127569645,2026-07
SH11029,2/10/2026,2/13/2026,3/15/2026,30,BlueWave Shipping,Ocean,Singapore,Chicago,786.9,975.85,30,FALSE,1.240119456,2026-02
SH10141,7/21/2026,7/24/2026,8/17/2026,24,Northstar Logistics,Ocean,Shanghai,Dallas,2551.3,2569.08,24,FALSE,1.006968996,2026-07
SH10657,7/9/2026,7/10/2026,8/7/2026,29,Atlas Freight,Ocean,Shanghai,Dallas,2114.4,1950.02,28,FALSE,0.922256905,2026-07
SH10972,3/11/2026,3/12/2026,3/16/2026,5,Harbor Express,Truck,Pittsburgh,Chicago,174.2,426.02,4,FALSE,2.445579793,2026-03
SH10145,8/15/2026,8/15/2026,8/20/2026,6,Atlas Freight,Truck,Toronto,Dallas,1003.9,2118.87,5,FALSE,2.11063851,2026-08
SH11176,4/14/2026,4/15/2026,5/13/2026,29,Northstar Logistics,Ocean,Rotterdam,Dallas,118.6,256.84,28,FALSE,2.165598651,2026-04
SH11108,2/24/2026,2/27/2026,3/2/2026,4,Harbor Express,Truck,Pittsburgh,New York City,539.1,940.31,3,FALSE,1.744221851,2026-02
SH10161,3/19/2026,3/22/2026,3/24/2026,2,Summit Air Cargo,Air,Frankfurt,Atlanta,132.1,942.33,2,FALSE,7.1334595,2026-03
SH10029,7/1/2026,7/3/2026,7/7/2026,4,Summit Air Cargo,Air,Frankfurt,Chicago,64.3,574.25,4,FALSE,8.930793157,2026-07
SH10938,4/8/2026,4/10/2026,5/7/2026,27,BlueWave Shipping,Ocean,Singapore,Chicago,1679,1739.52,27,FALSE,1.036045265,2026-04
SH10454,4/14/2026,4/15/2026,5/3/2026,19,BlueWave Shipping,Ocean,Rotterdam,Atlanta,1078,1073.38,18,FALSE,0.995714286,2026-04
SH10909,8/1/2026,8/1/2026,8/7/2026,5,Harbor Express,Truck,Toronto,Dallas,410.4,741.15,6,TRUE,1.805921053,2026-08
SH10453,8/15/2026,8/17/2026,8/19/2026,2,Summit Air Cargo,Air,Mexico City,New York City,126.4,895.21,2,FALSE,7.082357595,2026-08
SH11200,5/6/2026,5/9/2026,5/13/2026,4,Summit Air Cargo,Air,Mexico City,Rochester,25.1,307.13,4,FALSE,12.23625498,2026-05
SH10953,4/27/2026,4/27/2026,5/4/2026,7,Northstar Logistics,Truck,Montreal,Atlanta,1376.3,2359.08,7,FALSE,1.714073966,2026-04
SH10820,3/7/2026,3/9/2026,3/14/2026,6,Atlas Freight,Truck,Pittsburgh,Dallas,1396.4,2270.26,5,FALSE,1.625794901,2026-03
SH11024,4/26/2026,4/29/2026,5/6/2026,6,Harbor Express,Truck,Toronto,Rochester,690.5,1058.78,7,TRUE,1.533352643,2026-04
SH10762,6/22/2026,6/24/2026,6/26/2026,2,Summit Air Cargo,Air,Shanghai,Chicago,139.2,1015.39,2,FALSE,7.294468391,2026-06
SH10825,5/26/2026,5/28/2026,6/4/2026,8,Harbor Express,Truck,Toronto,Rochester,675.9,684.84,7,FALSE,1.013226809,2026-05
SH10622,4/27/2026,4/27/2026,5/25/2026,28,Atlas Freight,Ocean,Singapore,Rochester,2147.2,1914.23,28,FALSE,0.891500559,2026-04
SH10248,4/14/2026,4/14/2026,5/12/2026,29,BlueWave Shipping,Ocean,Shanghai,New York City,1628.4,1594.61,28,FALSE,0.97924957,2026-04
SH10573,7/21/2026,7/23/2026,7/29/2026,7,Harbor Express,Truck,Toronto,Buffalo,581.8,1069.91,6,FALSE,1.83896528,2026-07
SH10631,2/22/2026,2/25/2026,3/16/2026,19,BlueWave Shipping,Ocean,Shanghai,Rochester,1213.6,1127.54,19,FALSE,0.929087014,2026-02
SH10706,5/8/2026,5/10/2026,5/18/2026,8,Northstar Logistics,Truck,Pittsburgh,Chicago,1901.4,3165.65,8,FALSE,1.664904807,2026-05
SH11018,7/27/2026,7/30/2026,8/18/2026,20,BlueWave Shipping,Ocean,Rotterdam,New York City,929,814.7,19,FALSE,0.876964478,2026-07
SH10904,3/31/2026,4/3/2026,4/22/2026,20,Atlas Freight,Ocean,Singapore,Dallas,1707.1,2027.74,19,FALSE,1.187827309,2026-03
SH11130,8/12/2026,8/15/2026,9/9/2026,25,BlueWave Shipping,Ocean,Shanghai,Chicago,1460.1,2052.31,25,FALSE,1.405595507,2026-08
SH11015,6/30/2026,6/30/2026,7/27/2026,27,Atlas Freight,Ocean,Singapore,Rochester,1786.6,1615.82,27,FALSE,0.904410612,2026-06
SH10511,2/15/2026,2/18/2026,2/21/2026,3,Summit Air Cargo,Air,Mexico City,Rochester,74,685.01,3,FALSE,9.256891892,2026-02
SH10703,6/26/2026,6/29/2026,7/8/2026,4,Summit Air Cargo,Air,Frankfurt,New York City,40.7,368.2,9,TRUE,9.046683047,2026-06
SH11064,2/7/2026,2/8/2026,2/14/2026,7,Atlas Freight,Truck,Toronto,Chicago,607.8,1138.88,6,FALSE,1.873774268,2026-02
SH10841,5/20/2026,5/20/2026,5/24/2026,4,Summit Air Cargo,Air,Frankfurt,New York City,91.9,632.92,4,FALSE,6.887051143,2026-05
SH10527,3/31/2026,4/2/2026,4/28/2026,26,BlueWave Shipping,Ocean,Singapore,New York City,350.3,361.4,26,FALSE,1.031687125,2026-03
SH10268,6/17/2026,6/17/2026,7/6/2026,20,BlueWave Shipping,Ocean,Singapore,Buffalo,3376.3,3522.52,19,FALSE,1.043307763,2026-06
SH10138,5/14/2026,5/15/2026,6/10/2026,27,Atlas Freight,Ocean,Rotterdam,Rochester,4718.3,3833.74,26,FALSE,0.812525698,2026-05
SH10238,2/27/2026,2/27/2026,3/29/2026,30,Northstar Logistics,Ocean,Shanghai,Chicago,2404.1,2258.29,30,FALSE,0.939349445,2026-02
SH11056,3/2/2026,3/2/2026,3/22/2026,20,Atlas Freight,Ocean,Shanghai,Dallas,935.2,1074.72,20,FALSE,1.14918734,2026-03
SH10936,7/12/2026,7/12/2026,,6,Harbor Express,Truck,Pittsburgh,Chicago,2373,4817.07,,FALSE,2.029949431,2026-07
SH10860,2/13/2026,2/14/2026,2/22/2026,8,Atlas Freight,Truck,Pittsburgh,Buffalo,211.9,500.22,8,FALSE,2.360641812,2026-02
SH10314,5/20/2026,5/23/2026,5/27/2026,4,Harbor Express,Truck,Toronto,Rochester,929.7,1823.55,4,FALSE,1.961439174,2026-05
SH10894,4/22/2026,4/24/2026,4/27/2026,4,Summit Air Cargo,Air,Mexico City,Atlanta,67.1,613.06,3,FALSE,9.136512668,2026-04
SH11133,5/10/2026,5/12/2026,5/23/2026,7,Northstar Logistics,Truck,Toronto,Atlanta,1041.1,2213.01,11,TRUE,2.125645951,2026-05
SH11142,4/28/2026,4/28/2026,,5,Atlas Freight,Truck,Montreal,New York City,1437.4,2084.15,,FALSE,1.449944344,2026-04
SH10509,5/1/2026,5/2/2026,5/6/2026,5,Harbor Express,Truck,Montreal,Rochester,417.2,988.33,4,FALSE,2.368959732,2026-05
SH10460,3/22/2026,3/24/2026,4/12/2026,19,Northstar Logistics,Ocean,Singapore,New York City,374.5,514.3,19,FALSE,1.37329773,2026-03
SH10256,2/6/2026,2/9/2026,3/7/2026,24,Northstar Logistics,Ocean,Rotterdam,Rochester,5259.6,4644.8,26,TRUE,0.883108982,2026-02
SH10635,3/13/2026,3/16/2026,3/24/2026,8,Atlas Freight,Truck,Montreal,Rochester,1281.8,2468.24,8,FALSE,1.925604619,2026-03
SH11020,8/18/2026,8/21/2026,8/24/2026,3,Summit Air Cargo,Air,Shanghai,Buffalo,126.8,1079.11,3,FALSE,8.51033123,2026-08
SH10926,4/21/2026,4/23/2026,5/12/2026,20,Atlas Freight,Ocean,Shanghai,Chicago,1215.9,1437.93,19,FALSE,1.182605477,2026-04
SH10671,2/19/2026,2/21/2026,2/25/2026,5,Atlas Freight,Truck,Montreal,Chicago,507.7,815.67,4,FALSE,1.606598385,2026-02
SH10179,8/2/2026,8/5/2026,8/27/2026,23,Northstar Logistics,Ocean,Rotterdam,New York City,1058.9,893.37,22,FALSE,0.843677401,2026-08
SH11087,7/22/2026,7/24/2026,8/22/2026,29,Atlas Freight,Ocean,Shanghai,Chicago,1354.5,1214.09,29,FALSE,0.896338132,2026-07
SH10017,6/11/2026,6/12/2026,7/5/2026,24,BlueWave Shipping,Ocean,Rotterdam,Dallas,2034.9,1993.61,23,FALSE,0.979709077,2026-06
SH10397,7/10/2026,7/10/2026,7/13/2026,4,Harbor Express,Truck,Pittsburgh,Chicago,436.1,978.81,3,FALSE,2.244462279,2026-07
SH10281,5/31/2026,6/3/2026,6/9/2026,7,Harbor Express,Truck,Montreal,Atlanta,312,607.97,6,FALSE,1.948621795,2026-05
SH10506,2/16/2026,2/18/2026,3/20/2026,26,BlueWave Shipping,Ocean,Shanghai,Rochester,8470.1,7714.11,30,TRUE,0.910746036,2026-02
SH10297,6/7/2026,6/10/2026,6/14/2026,4,Summit Air Cargo,Air,Frankfurt,Dallas,46.6,379.24,4,FALSE,8.138197425,2026-06
SH10271,4/13/2026,4/13/2026,5/11/2026,28,BlueWave Shipping,Ocean,Singapore,New York City,1207.3,1161.49,28,FALSE,0.962055827,2026-04
SH10779,5/2/2026,5/3/2026,5/10/2026,7,Atlas Freight,Truck,Pittsburgh,Dallas,717.5,1227.88,7,FALSE,1.71133101,2026-05
SH10915,1/9/2026,1/11/2026,2/7/2026,28,Atlas Freight,Ocean,Singapore,Buffalo,628.1,808.64,27,FALSE,1.287438306,2026-01
SH10274,5/24/2026,5/24/2026,5/28/2026,5,Northstar Logistics,Truck,Toronto,Atlanta,579.7,967.66,4,FALSE,1.669242712,2026-05
SH10864,3/21/2026,3/23/2026,4/16/2026,25,BlueWave Shipping,Ocean,Shanghai,Rochester,1274.2,1177.28,24,FALSE,0.923936588,2026-03
SH10311,1/11/2026,1/14/2026,1/15/2026,2,Summit Air Cargo,Air,Frankfurt,Dallas,48.7,446.35,1,FALSE,9.165297741,2026-01
SH10682,3/2/2026,3/2/2026,3/12/2026,5,Harbor Express,Truck,Pittsburgh,Chicago,425.4,903.97,10,TRUE,2.124988246,2026-03
SH10982,6/9/2026,6/12/2026,6/19/2026,8,Harbor Express,Truck,Montreal,Dallas,229.4,448.32,7,FALSE,1.954315606,2026-06
SH10789,5/8/2026,5/10/2026,6/6/2026,28,BlueWave Shipping,Ocean,Singapore,Dallas,405,590.76,27,FALSE,1.458666667,2026-05
SH10471,3/25/2026,3/28/2026,4/2/2026,6,Harbor Express,Truck,Pittsburgh,Chicago,871.5,1765.5,5,FALSE,2.025817556,2026-03
SH11116,6/23/2026,6/24/2026,6/27/2026,4,Harbor Express,Truck,Toronto,Atlanta,1026.4,1622.18,3,FALSE,1.580455963,2026-06
SH10171,6/23/2026,6/25/2026,7/23/2026,28,Atlas Freight,Ocean,Rotterdam,New York City,1086,1258.63,28,FALSE,1.158959484,2026-06
SH10376,3/10/2026,3/10/2026,3/15/2026,4,Northstar Logistics,Truck,Toronto,New York City,421.7,856.29,5,TRUE,2.030566754,2026-03
SH10180,5/18/2026,5/21/2026,5/26/2026,6,Northstar Logistics,Truck,Pittsburgh,Dallas,227.9,511.74,5,FALSE,2.245458534,2026-05
SH10943,2/6/2026,2/9/2026,2/27/2026,19,BlueWave Shipping,Ocean,Rotterdam,Atlanta,3499,3094.31,18,FALSE,0.88434124,2026-02
SH10172,6/11/2026,6/14/2026,6/20/2026,7,Harbor Express,Truck,Montreal,New York City,315.8,719.49,6,FALSE,2.278309056,2026-06
SH11079,5/27/2026,5/30/2026,6/19/2026,21,BlueWave Shipping,Ocean,Rotterdam,New York City,2496,2113.69,20,FALSE,0.846830929,2026-05
SH10264,5/7/2026,5/9/2026,5/16/2026,7,Atlas Freight,Truck,Toronto,Rochester,1398.2,2853.75,7,FALSE,2.041017022,2026-05
SH11085,2/22/2026,2/25/2026,3/6/2026,5,Harbor Express,Truck,Toronto,Chicago,665.2,1142.39,9,TRUE,1.717363199,2026-02
SH10540,4/13/2026,4/14/2026,5/2/2026,19,BlueWave Shipping,Ocean,Singapore,Rochester,1369.6,1410.24,18,FALSE,1.029672897,2026-04
SH10217,7/2/2026,7/5/2026,7/8/2026,4,Atlas Freight,Truck,Pittsburgh,Buffalo,675.9,866.16,3,FALSE,1.281491345,2026-07
SH10525,5/3/2026,5/4/2026,5/21/2026,18,Northstar Logistics,Ocean,Shanghai,Rochester,1782.6,1639.3,17,FALSE,0.919611803,2026-05
SH10949,6/30/2026,7/3/2026,7/10/2026,7,Northstar Logistics,Truck,Toronto,Rochester,1106.4,1962.77,7,FALSE,1.774014823,2026-06
SH10888,4/3/2026,4/4/2026,4/7/2026,4,Harbor Express,Truck,Toronto,Atlanta,1279.4,1879.05,3,FALSE,1.468696264,2026-04
SH10640,8/7/2026,8/9/2026,8/26/2026,18,Northstar Logistics,Ocean,Rotterdam,New York City,1343.1,1363.68,17,FALSE,1.015322761,2026-08
SH10514,7/27/2026,7/30/2026,8/23/2026,24,Northstar Logistics,Ocean,Rotterdam,Rochester,291.8,355.38,24,FALSE,1.217888965,2026-07
SH10923,1/27/2026,1/28/2026,3/4/2026,30,Northstar Logistics,Ocean,Rotterdam,Rochester,1572,1954.67,35,TRUE,1.243428753,2026-01
SH10095,3/15/2026,3/16/2026,4/3/2026,19,Northstar Logistics,Ocean,Singapore,Rochester,234.5,314.37,18,FALSE,1.340597015,2026-03
SH10721,4/20/2026,4/23/2026,4/29/2026,7,Atlas Freight,Truck,Toronto,Buffalo,2437.7,3736.75,6,FALSE,1.532899865,2026-04
SH10231,5/12/2026,5/14/2026,6/5/2026,23,Northstar Logistics,Ocean,Shanghai,New York City,1171.1,1260.97,22,FALSE,1.076739817,2026-05
SH10605,3/24/2026,3/26/2026,4/2/2026,7,Harbor Express,Truck,Montreal,Rochester,2610.8,4962.12,7,FALSE,1.900612839,2026-03
SH10347,4/3/2026,4/4/2026,4/29/2026,26,Atlas Freight,Ocean,Singapore,Chicago,796.9,873.45,25,FALSE,1.096059731,2026-04
SH10373,1/25/2026,1/25/2026,2/2/2026,8,Atlas Freight,Truck,Toronto,Buffalo,362.4,564.73,8,FALSE,1.55830574,2026-01
SH10968,2/27/2026,3/2/2026,3/25/2026,23,BlueWave Shipping,Ocean,Rotterdam,Buffalo,2415.5,2178.73,23,FALSE,0.901978886,2026-02
SH10675,4/24/2026,4/25/2026,5/2/2026,8,Harbor Express,Truck,Montreal,Buffalo,746.9,1225.53,7,FALSE,1.640822065,2026-04
SH10518,5/16/2026,5/16/2026,6/8/2026,18,Northstar Logistics,Ocean,Rotterdam,Chicago,828.2,963.37,23,TRUE,1.16320937,2026-05
SH10596,8/19/2026,8/22/2026,9/9/2026,19,BlueWave Shipping,Ocean,Shanghai,Buffalo,2129.4,1972.23,18,FALSE,0.926190476,2026-08
SH10637,2/10/2026,2/12/2026,2/20/2026,8,Harbor Express,Truck,Pittsburgh,Rochester,628.1,986.94,8,FALSE,1.571310301,2026-02
SH10167,2/27/2026,2/28/2026,3/6/2026,6,Atlas Freight,Truck,Montreal,Rochester,1304.4,2548.51,6,FALSE,1.953779515,2026-02
SH10052,5/28/2026,5/30/2026,6/3/2026,4,Summit Air Cargo,Air,Frankfurt,Buffalo,39.1,462.35,4,FALSE,11.82480818,2026-05
SH11092,7/16/2026,7/18/2026,7/24/2026,7,Atlas Freight,Truck,Toronto,Buffalo,398.2,809.53,6,FALSE,2.03297338,2026-07
SH10545,5/4/2026,5/4/2026,5/8/2026,4,Summit Air Cargo,Air,Shanghai,Chicago,113.8,879.44,4,FALSE,7.727943761,2026-05
SH10213,2/26/2026,2/28/2026,3/4/2026,4,Summit Air Cargo,Air,Shanghai,Chicago,99.4,898.74,4,FALSE,9.041649899,2026-02
SH11088,3/7/2026,3/8/2026,3/9/2026,2,Summit Air Cargo,Air,Frankfurt,Dallas,115.1,971.3,1,FALSE,8.438748914,2026-03
SH10014,4/23/2026,4/26/2026,5/16/2026,20,Northstar Logistics,Ocean,Rotterdam,Chicago,1585.4,1603.54,20,FALSE,1.011441907,2026-04
SH10296,3/28/2026,3/28/2026,4/16/2026,20,Atlas Freight,Ocean,Singapore,Chicago,1108.5,1031.91,19,FALSE,0.930906631,2026-03
SH10150,8/26/2026,8/26/2026,9/6/2026,7,Northstar Logistics,Truck,Toronto,Dallas,1730.1,3512.78,11,TRUE,2.030391307,2026-08
SH10316,7/28/2026,7/30/2026,8/12/2026,8,Harbor Express,Truck,Montreal,Rochester,956.5,1888.32,13,TRUE,1.974197595,2026-07
SH11035,3/30/2026,3/31/2026,4/4/2026,5,Harbor Express,Truck,Toronto,Atlanta,467.9,799.35,4,FALSE,1.708377859,2026-03
SH10467,2/13/2026,2/14/2026,3/9/2026,23,Atlas Freight,Ocean,Rotterdam,Buffalo,2071.4,1946.55,23,FALSE,0.939726755,2026-02
SH11123,6/21/2026,6/21/2026,6/28/2026,8,Harbor Express,Truck,Montreal,Chicago,582.8,1145.89,7,FALSE,1.966180508,2026-06
SH10685,6/14/2026,6/17/2026,6/24/2026,7,Atlas Freight,Truck,Pittsburgh,New York City,534.6,992.9,7,FALSE,1.857276468,2026-06
SH10627,7/2/2026,7/2/2026,7/9/2026,8,Harbor Express,Truck,Pittsburgh,Atlanta,664.2,1241.54,7,FALSE,1.869226137,2026-07
SH10766,3/1/2026,3/2/2026,4/4/2026,29,Northstar Logistics,Ocean,Rotterdam,Chicago,367.2,465.64,33,TRUE,1.268082789,2026-03
SH10871,6/24/2026,6/27/2026,7/16/2026,20,Northstar Logistics,Ocean,Rotterdam,Buffalo,624.8,572.63,19,FALSE,0.91650128,2026-06
SH10202,7/18/2026,7/18/2026,7/20/2026,2,Summit Air Cargo,Air,Shanghai,Buffalo,28,224.14,2,FALSE,8.005,2026-07
SH10016,5/21/2026,5/22/2026,5/26/2026,4,Summit Air Cargo,Air,Shanghai,Buffalo,157.7,1386.67,4,FALSE,8.793088142,2026-05
SH10543,5/8/2026,5/9/2026,5/13/2026,4,Atlas Freight,Truck,Montreal,Rochester,108.3,234.47,4,FALSE,2.165004617,2026-05
SH10175,7/9/2026,7/10/2026,7/14/2026,5,Harbor Express,Truck,Pittsburgh,Buffalo,851,1394.38,4,FALSE,1.638519389,2026-07
SH11098,2/9/2026,2/10/2026,2/28/2026,18,BlueWave Shipping,Ocean,Singapore,Dallas,1479.7,1593.08,18,FALSE,1.07662364,2026-02
SH10382,3/28/2026,3/29/2026,4/1/2026,4,Northstar Logistics,Truck,Montreal,Buffalo,723.7,1326.46,3,FALSE,1.832886555,2026-03
SH10160,8/13/2026,8/13/2026,8/20/2026,8,Atlas Freight,Truck,Toronto,Rochester,490.7,955.14,7,FALSE,1.946484614,2026-08
SH10952,1/25/2026,1/27/2026,1/31/2026,4,Northstar Logistics,Truck,Toronto,Buffalo,196.6,446.88,4,FALSE,2.273041709,2026-01
SH10235,1/26/2026,1/29/2026,2/3/2026,5,Harbor Express,Truck,Pittsburgh,Rochester,619.2,1274.63,5,FALSE,2.058510982,2026-01
SH10291,1/5/2026,1/6/2026,1/30/2026,24,BlueWave Shipping,Ocean,Shanghai,Chicago,3737.8,3675.58,24,FALSE,0.983353845,2026-01
SH10211,6/26/2026,6/28/2026,7/4/2026,6,Harbor Express,Truck,Toronto,Rochester,675.9,1078.82,6,FALSE,1.596123687,2026-06
SH10325,6/14/2026,6/15/2026,6/18/2026,4,Summit Air Cargo,Air,Frankfurt,New York City,87.8,626.8,3,FALSE,7.138952164,2026-06
SH10157,2/18/2026,2/19/2026,2/25/2026,6,Northstar Logistics,Truck,Toronto,Buffalo,251.4,578.41,6,FALSE,2.300755768,2026-02
SH11183,6/12/2026,6/15/2026,6/24/2026,4,Harbor Express,Truck,Pittsburgh,Rochester,1351.3,2156.87,9,TRUE,1.596144453,2026-06
SH10973,5/19/2026,5/20/2026,6/22/2026,30,BlueWave Shipping,Ocean,Rotterdam,Rochester,1460.1,2484.31,33,TRUE,1.701465653,2026-05
SH10108,6/24/2026,6/24/2026,7/2/2026,8,Atlas Freight,Truck,Toronto,Dallas,703.4,1149.46,8,FALSE,1.634148422,2026-06
SH10182,2/24/2026,2/24/2026,3/17/2026,21,Northstar Logistics,Ocean,Singapore,Atlanta,316.6,460.83,21,FALSE,1.455559065,2026-02
SH10058,5/5/2026,5/8/2026,6/6/2026,30,BlueWave Shipping,Ocean,Shanghai,Rochester,1608.9,1650.56,29,FALSE,1.025893468,2026-05
SH10647,2/21/2026,2/23/2026,3/31/2026,30,BlueWave Shipping,Ocean,Shanghai,Chicago,2718.3,2923.02,36,TRUE,1.075311776,2026-02
SH10476,2/28/2026,2/28/2026,3/6/2026,6,Harbor Express,Truck,Toronto,Atlanta,764.8,1570.53,6,FALSE,2.053517259,2026-02
SH10702,7/1/2026,7/1/2026,7/20/2026,20,Northstar Logistics,Ocean,Shanghai,Atlanta,4264.1,4349.15,19,FALSE,1.019945592,2026-07
SH10807,3/18/2026,3/19/2026,3/22/2026,3,Summit Air Cargo,Air,Mexico City,Dallas,83.6,580.58,3,FALSE,6.944736842,2026-03
SH10443,7/22/2026,7/22/2026,7/28/2026,5,Northstar Logistics,Truck,Pittsburgh,Buffalo,1636.6,3384.04,6,TRUE,2.067725773,2026-07
SH11043,6/30/2026,7/1/2026,7/3/2026,3,Summit Air Cargo,Air,Shanghai,Dallas,78.9,713.74,2,FALSE,9.046134347,2026-06
SH10056,8/16/2026,8/18/2026,8/20/2026,2,Summit Air Cargo,Air,Frankfurt,New York City,36,359.18,2,FALSE,9.977222222,2026-08
SH10976,2/16/2026,2/18/2026,2/22/2026,4,Atlas Freight,Truck,Pittsburgh,Chicago,1436,2771.17,4,FALSE,1.929784123,2026-02
SH10541,5/27/2026,5/30/2026,6/17/2026,18,BlueWave Shipping,Ocean,Rotterdam,Atlanta,851.6,842.21,18,FALSE,0.988973697,2026-05
SH10974,8/20/2026,8/21/2026,9/17/2026,27,BlueWave Shipping,Ocean,Singapore,Rochester,1339.3,1574.57,27,FALSE,1.175666393,2026-08
SH10415,6/11/2026,6/12/2026,7/9/2026,23,Atlas Freight,Ocean,Singapore,Dallas,1328.1,1401.76,27,TRUE,1.055462691,2026-06
SH10377,6/23/2026,6/25/2026,7/1/2026,7,Northstar Logistics,Truck,Pittsburgh,New York City,2613.8,5334.66,6,FALSE,2.040959523,2026-06
SH10307,3/26/2026,3/28/2026,3/31/2026,4,Harbor Express,Truck,Montreal,Rochester,1817.4,3242.2,3,FALSE,1.78397711,2026-03
SH11021,7/29/2026,8/1/2026,8/30/2026,27,BlueWave Shipping,Ocean,Shanghai,Buffalo,700.5,835.58,29,TRUE,1.19283369,2026-07
SH10461,6/9/2026,6/11/2026,6/18/2026,7,Harbor Express,Truck,Pittsburgh,Buffalo,939.8,1637.74,7,FALSE,1.742647372,2026-06
SH11097,5/4/2026,5/4/2026,5/6/2026,3,Summit Air Cargo,Air,Frankfurt,Rochester,484.1,4015.83,2,FALSE,8.295455484,2026-05
SH10877,2/14/2026,2/17/2026,3/9/2026,21,Northstar Logistics,Ocean,Shanghai,Dallas,2108.2,2103.76,20,FALSE,0.997893938,2026-02
SH10753,6/28/2026,6/29/2026,7/22/2026,24,BlueWave Shipping,Ocean,Singapore,New York City,1458.6,1696.49,23,FALSE,1.163094748,2026-06
SH10340,3/12/2026,3/12/2026,4/8/2026,28,BlueWave Shipping,Ocean,Singapore,Chicago,3026.9,3093.99,27,FALSE,1.022164591,2026-03
SH10436,3/6/2026,3/9/2026,3/17/2026,8,Harbor Express,Truck,Montreal,Dallas,1256.6,2221.86,8,FALSE,1.768152157,2026-03
SH10667,2/28/2026,2/28/2026,3/5/2026,6,Harbor Express,Truck,Toronto,Chicago,95.4,238.41,5,FALSE,2.499056604,2026-02
SH10677,2/6/2026,2/8/2026,2/11/2026,4,Harbor Express,Truck,Pittsburgh,Rochester,983.5,1617.03,3,FALSE,1.644158617,2026-02
SH10230,6/16/2026,6/17/2026,7/16/2026,29,BlueWave Shipping,Ocean,Shanghai,Rochester,1206.8,1279.01,29,FALSE,1.05983593,2026-06
SH10339,5/8/2026,5/8/2026,5/11/2026,4,Harbor Express,Truck,Montreal,New York City,379.5,679.42,3,FALSE,1.79030303,2026-05
SH10993,5/21/2026,5/22/2026,,7,Atlas Freight,Truck,Montreal,New York City,819.5,1268.15,,FALSE,1.547467968,2026-05
SH10930,7/4/2026,7/5/2026,7/11/2026,6,Atlas Freight,Truck,Montreal,Chicago,675.9,1682.76,6,FALSE,2.489658233,2026-07
SH10862,8/15/2026,8/17/2026,9/10/2026,24,BlueWave Shipping,Ocean,Shanghai,Buffalo,1118.4,1173.14,24,FALSE,1.048944921,2026-08
SH10642,7/8/2026,7/9/2026,7/15/2026,7,Atlas Freight,Truck,Montreal,Dallas,427.7,759.83,6,FALSE,1.776548983,2026-07
SH10980,1/7/2026,1/7/2026,2/1/2026,26,BlueWave Shipping,Ocean,Rotterdam,New York City,2842.6,2771.73,25,FALSE,0.975068599,2026-01
SH11140,1/7/2026,1/8/2026,2/2/2026,26,BlueWave Shipping,Ocean,Rotterdam,New York City,2507,2958.14,25,FALSE,1.179952134,2026-01
SH10802,6/29/2026,6/29/2026,7/25/2026,27,BlueWave Shipping,Ocean,Singapore,Chicago,2539.2,2021.47,26,FALSE,0.796105072,2026-06
SH10775,5/2/2026,5/4/2026,5/26/2026,22,BlueWave Shipping,Ocean,Rotterdam,Buffalo,1430.2,1470.89,22,FALSE,1.028450566,2026-05
SH10818,5/20/2026,5/23/2026,5/26/2026,4,Summit Air Cargo,Air,Mexico City,Chicago,343.2,2826.88,3,FALSE,8.236829837,2026-05
SH10641,4/21/2026,4/24/2026,5/2/2026,8,Atlas Freight,Truck,Pittsburgh,Chicago,942.4,1456.07,8,FALSE,1.545065789,2026-04
SH10114,6/30/2026,7/2/2026,7/11/2026,4,Harbor Express,Truck,Montreal,Dallas,1898.7,3260.31,9,TRUE,1.717127508,2026-06
SH10425,8/26/2026,8/28/2026,,8,Harbor Express,Truck,Montreal,New York City,293.7,706.97,,FALSE,2.407116105,2026-08
SH10477,4/8/2026,4/10/2026,5/2/2026,23,Atlas Freight,Ocean,Singapore,Buffalo,3819.9,4093.59,22,FALSE,1.071648472,2026-04
SH10067,2/2/2026,2/5/2026,3/1/2026,25,BlueWave Shipping,Ocean,Singapore,Chicago,468.9,514.16,24,FALSE,1.096523779,2026-02
SH10717,5/29/2026,5/31/2026,6/5/2026,5,Northstar Logistics,Truck,Pittsburgh,New York City,539.3,1065.95,5,FALSE,1.976543668,2026-05
SH10978,7/29/2026,8/1/2026,8/30/2026,29,BlueWave Shipping,Ocean,Singapore,Atlanta,1460.1,5082.02,29,FALSE,3.480597219,2026-07
SH10659,1/17/2026,1/19/2026,2/6/2026,18,BlueWave Shipping,Ocean,Singapore,New York City,2017.7,2340.89,18,FALSE,1.16017743,2026-01
SH10194,7/11/2026,7/11/2026,7/15/2026,4,Summit Air Cargo,Air,Mexico City,Buffalo,147.6,1094.51,4,FALSE,7.415379404,2026-07
SH10922,1/13/2026,1/13/2026,2/1/2026,20,BlueWave Shipping,Ocean,Shanghai,New York City,936.5,1160.61,19,FALSE,1.239305926,2026-01
SH10729,2/22/2026,2/23/2026,3/21/2026,26,BlueWave Shipping,Ocean,Rotterdam,Chicago,1490.3,1544.25,26,FALSE,1.036200765,2026-02
SH10276,8/22/2026,8/23/2026,8/31/2026,8,Harbor Express,Truck,Toronto,Buffalo,946.7,1438.02,8,FALSE,1.518981726,2026-08
SH11089,3/2/2026,3/4/2026,3/25/2026,21,BlueWave Shipping,Ocean,Rotterdam,Buffalo,978.3,1200.7,21,FALSE,1.227333129,2026-03
SH10002,5/2/2026,5/3/2026,5/6/2026,3,Summit Air Cargo,Air,Frankfurt,Dallas,173.2,1443.95,3,FALSE,8.336893764,2026-05
SH10047,7/7/2026,7/9/2026,7/13/2026,4,Summit Air Cargo,Air,Shanghai,Chicago,67.7,592.64,4,FALSE,8.753914328,2026-07
SH10921,3/17/2026,3/20/2026,4/11/2026,23,Atlas Freight,Ocean,Rotterdam,Dallas,1444.3,1357.67,22,FALSE,0.940019387,2026-03
SH10784,2/24/2026,2/24/2026,3/2/2026,6,Atlas Freight,Truck,Toronto,New York City,546.5,871.76,6,FALSE,1.595169259,2026-02
SH10044,1/25/2026,1/28/2026,2/16/2026,19,Atlas Freight,Ocean,Singapore,Chicago,575.6,724.49,19,FALSE,1.258669215,2026-01
SH10613,3/13/2026,3/16/2026,3/21/2026,5,Harbor Express,Truck,Pittsburgh,Rochester,550.9,984.38,5,FALSE,1.786857869,2026-03
SH11017,7/23/2026,7/24/2026,7/28/2026,5,Harbor Express,Truck,Montreal,Dallas,671.4,1202.09,4,FALSE,1.790422997,2026-07
SH10013,7/9/2026,7/10/2026,8/11/2026,27,BlueWave Shipping,Ocean,Shanghai,Atlanta,1273.7,1506.62,32,TRUE,1.182868807,2026-07
SH10744,1/14/2026,1/17/2026,1/20/2026,4,Harbor Express,Truck,Pittsburgh,Rochester,331.5,740.87,3,FALSE,2.234901961,2026-01
SH10945,7/16/2026,7/17/2026,7/23/2026,7,Harbor Express,Truck,Montreal,Dallas,675.9,510.86,6,FALSE,0.755821867,2026-07
SH11061,5/9/2026,5/10/2026,5/13/2026,4,Atlas Freight,Truck,Montreal,Buffalo,2178.3,3936.08,3,FALSE,1.806950374,2026-05
SH11083,6/5/2026,6/5/2026,7/4/2026,30,BlueWave Shipping,Ocean,Rotterdam,Chicago,718.7,844.47,29,FALSE,1.174996521,2026-06
SH10197,5/27/2026,5/28/2026,6/17/2026,21,BlueWave Shipping,Ocean,Rotterdam,New York City,804.7,836.16,20,FALSE,1.039095315,2026-05
SH10280,1/18/2026,1/18/2026,1/21/2026,3,Summit Air Cargo,Air,Frankfurt,Rochester,86.5,758.12,3,FALSE,8.764393064,2026-01
SH10236,2/22/2026,2/22/2026,2/26/2026,4,Northstar Logistics,Truck,Pittsburgh,Atlanta,1871.2,3212.09,4,FALSE,1.71659363,2026-02
SH10151,5/17/2026,5/17/2026,5/26/2026,8,Harbor Express,Truck,Montreal,Atlanta,1492.5,2623.84,9,TRUE,1.75801675,2026-05
SH10380,1/27/2026,1/27/2026,1/28/2026,2,Summit Air Cargo,Air,Frankfurt,Rochester,121.5,964.55,1,FALSE,7.938683128,2026-01
SH10649,6/2/2026,6/4/2026,6/9/2026,5,Harbor Express,Truck,Montreal,Dallas,737.5,1217.55,5,FALSE,1.650915254,2026-06
SH10188,7/1/2026,7/4/2026,7/8/2026,4,Harbor Express,Truck,Toronto,Atlanta,1556.1,2420.49,4,FALSE,1.555484866,2026-07
SH10712,2/27/2026,2/28/2026,3/8/2026,5,Northstar Logistics,Truck,Montreal,Buffalo,163.4,446.23,8,TRUE,2.730905753,2026-02
SH10749,3/29/2026,3/29/2026,4/26/2026,29,BlueWave Shipping,Ocean,Shanghai,Chicago,342.8,389.13,28,FALSE,1.135151692,2026-03
SH10546,6/6/2026,6/6/2026,7/4/2026,23,BlueWave Shipping,Ocean,Shanghai,Atlanta,700.9,669.7,28,TRUE,0.955485804,2026-06
SH10859,6/22/2026,6/25/2026,7/5/2026,6,Harbor Express,Truck,Montreal,New York City,2961.9,4768.61,10,TRUE,1.609983457,2026-06
SH10924,7/5/2026,7/5/2026,7/31/2026,25,Atlas Freight,Ocean,Rotterdam,Atlanta,1008.8,953.96,26,TRUE,0.945638382,2026-07
SH10252,1/21/2026,1/23/2026,2/13/2026,21,BlueWave Shipping,Ocean,Rotterdam,New York City,715.6,855.83,21,FALSE,1.195961431,2026-01
SH10606,7/19/2026,7/19/2026,8/12/2026,21,BlueWave Shipping,Ocean,Rotterdam,Buffalo,3771.6,3971.28,24,TRUE,1.052943048,2026-07
SH10902,4/14/2026,4/14/2026,4/27/2026,8,Northstar Logistics,Truck,Pittsburgh,Dallas,522.6,1067.72,13,TRUE,2.043092231,2026-04
SH10526,8/22/2026,8/25/2026,8/29/2026,4,Northstar Logistics,Truck,Montreal,Dallas,354.5,715.74,4,FALSE,2.019012694,2026-08
SH10008,1/23/2026,1/26/2026,2/23/2026,25,Northstar Logistics,Ocean,Rotterdam,Dallas,1697.2,1735.62,28,TRUE,1.022637285,2026-01
SH11107,1/18/2026,1/21/2026,1/27/2026,7,Harbor Express,Truck,Montreal,Buffalo,757.6,1309.26,6,FALSE,1.728167899,2026-01
SH10724,5/4/2026,5/5/2026,5/7/2026,2,Summit Air Cargo,Air,Frankfurt,Atlanta,37.3,348.08,2,FALSE,9.331903485,2026-05
SH10170,3/2/2026,3/2/2026,3/8/2026,6,Harbor Express,Truck,Montreal,Atlanta,595,1303.26,6,FALSE,2.190352941,2026-03
SH10241,8/6/2026,8/9/2026,8/16/2026,8,Atlas Freight,Truck,Toronto,Buffalo,100.7,381.86,7,FALSE,3.792055611,2026-08
SH10971,2/7/2026,2/10/2026,2/20/2026,4,Northstar Logistics,Truck,Montreal,New York City,309.5,591.19,10,TRUE,1.910145396,2026-02
SH10792,5/6/2026,5/9/2026,5/30/2026,21,BlueWave Shipping,Ocean,Singapore,Atlanta,1032,1037.65,21,FALSE,1.005474806,2026-05
SH10774,3/27/2026,3/27/2026,4/13/2026,18,BlueWave Shipping,Ocean,Shanghai,Chicago,2501.4,2486.36,17,FALSE,0.993987367,2026-03
SH10290,6/16/2026,6/18/2026,6/25/2026,6,Harbor Express,Truck,Pittsburgh,Chicago,2113.5,4037.99,7,TRUE,1.910570144,2026-06
SH10131,7/3/2026,7/4/2026,7/30/2026,26,BlueWave Shipping,Ocean,Singapore,Atlanta,2470.4,2732.71,26,FALSE,1.106181185,2026-07
SH10929,4/18/2026,4/21/2026,4/28/2026,8,Harbor Express,Truck,Toronto,Chicago,861.1,1714.11,7,FALSE,1.99060504,2026-04
SH10407,1/14/2026,1/17/2026,1/21/2026,5,Northstar Logistics,Truck,Montreal,Buffalo,193.4,467.25,4,FALSE,2.415977249,2026-01
SH10229,3/24/2026,3/24/2026,4/16/2026,24,BlueWave Shipping,Ocean,Shanghai,Buffalo,1764.3,1826.16,23,FALSE,1.035062064,2026-03
SH11086,2/5/2026,2/6/2026,3/1/2026,23,BlueWave Shipping,Ocean,Shanghai,Dallas,3078.7,3571.94,23,FALSE,1.160210478,2026-02
SH10843,3/16/2026,3/16/2026,3/18/2026,3,Summit Air Cargo,Air,Mexico City,Dallas,55,454.18,2,FALSE,8.257818182,2026-03
SH10363,5/26/2026,5/27/2026,6/10/2026,8,Northstar Logistics,Truck,Toronto,Dallas,381.9,911.73,14,TRUE,2.38735271,2026-05
SH11192,2/28/2026,2/28/2026,3/1/2026,2,Summit Air Cargo,Air,Shanghai,Chicago,146.7,1033.63,1,FALSE,7.045875937,2026-02
SH10625,6/30/2026,7/2/2026,7/5/2026,4,Atlas Freight,Truck,Toronto,New York City,842.9,1647.04,3,FALSE,1.954015897,2026-06
SH10068,2/15/2026,2/15/2026,2/20/2026,5,Harbor Express,Truck,Toronto,Chicago,1126,2316.96,5,FALSE,2.057690941,2026-02
SH10997,1/30/2026,1/30/2026,2/1/2026,3,Summit Air Cargo,Air,Frankfurt,Atlanta,76.9,685.41,2,FALSE,8.913003901,2026-01
SH10870,8/3/2026,8/4/2026,8/31/2026,28,BlueWave Shipping,Ocean,Rotterdam,Rochester,369,447.93,27,FALSE,1.213902439,2026-08
SH10087,5/25/2026,5/25/2026,6/16/2026,22,BlueWave Shipping,Ocean,Shanghai,New York City,346.5,393.16,22,FALSE,1.134660895,2026-05
SH10858,8/24/2026,8/26/2026,9/18/2026,23,BlueWave Shipping,Ocean,Shanghai,Atlanta,3924.9,3967.69,23,FALSE,1.010902189,2026-08
SH10772,8/6/2026,8/7/2026,8/13/2026,6,Harbor Express,Truck,Pittsburgh,Buffalo,825.1,1701.61,6,FALSE,2.062307599,2026-08
SH11078,3/16/2026,3/17/2026,3/21/2026,5,Harbor Express,Truck,Toronto,Dallas,472.4,888.78,4,FALSE,1.881414056,2026-03
SH10442,8/1/2026,8/3/2026,8/22/2026,18,Northstar Logistics,Ocean,Rotterdam,Atlanta,3157.2,2918.23,19,TRUE,0.924309515,2026-08
SH10452,7/25/2026,7/26/2026,8/25/2026,29,Atlas Freight,Ocean,Rotterdam,Rochester,2007.1,2375.03,30,TRUE,1.183314234,2026-07
SH10457,7/21/2026,7/22/2026,8/11/2026,19,Northstar Logistics,Ocean,Shanghai,Chicago,335.4,386.06,20,TRUE,1.15104353,2026-07
SH10999,7/7/2026,7/10/2026,7/17/2026,7,Harbor Express,Truck,Pittsburgh,Rochester,675.9,1098.07,7,FALSE,1.624604231,2026-07
SH10027,6/2/2026,6/5/2026,6/24/2026,19,Northstar Logistics,Ocean,Singapore,Atlanta,1607.6,1928.41,19,FALSE,1.199558348,2026-06
SH10444,3/29/2026,3/31/2026,4/27/2026,23,Atlas Freight,Ocean,Singapore,Buffalo,1105.3,1226.2,27,TRUE,1.109382068,2026-03
SH11195,2/6/2026,2/6/2026,2/13/2026,7,Harbor Express,Truck,Montreal,Atlanta,2293.5,4492.25,7,FALSE,1.958687595,2026-02
SH10062,1/7/2026,1/9/2026,1/14/2026,5,Harbor Express,Truck,Pittsburgh,Chicago,860.9,1437.68,5,FALSE,1.669973284,2026-01
SH10034,8/2/2026,8/2/2026,8/4/2026,3,Summit Air Cargo,Air,Mexico City,Rochester,223.6,1837.92,2,FALSE,8.219677996,2026-08
SH10226,8/20/2026,8/20/2026,9/18/2026,30,BlueWave Shipping,Ocean,Rotterdam,Atlanta,2748.3,2439.29,29,FALSE,0.887563221,2026-08
SH10387,4/21/2026,4/22/2026,4/24/2026,3,Summit Air Cargo,Air,Frankfurt,Atlanta,196.3,1688.85,2,FALSE,8.603413143,2026-04
SH10617,4/23/2026,4/23/2026,4/28/2026,2,Summit Air Cargo,Air,Frankfurt,Atlanta,52.3,486.42,5,TRUE,9.300573614,2026-04
SH10615,3/6/2026,3/8/2026,3/12/2026,5,Harbor Express,Truck,Pittsburgh,Rochester,1996.5,3149.72,4,FALSE,1.577620836,2026-03
SH10432,7/16/2026,7/17/2026,,26,Northstar Logistics,Ocean,Rotterdam,Buffalo,7089,5786.51,,FALSE,0.816266046,2026-07
SH10955,2/1/2026,2/2/2026,2/9/2026,8,Harbor Express,Truck,Montreal,Chicago,964.3,1990.2,7,FALSE,2.063880535,2026-02
SH10928,8/14/2026,8/16/2026,9/6/2026,22,BlueWave Shipping,Ocean,Singapore,Rochester,182.4,304.96,21,FALSE,1.671929825,2026-08
SH10958,5/24/2026,5/24/2026,6/15/2026,22,Atlas Freight,Ocean,Singapore,Buffalo,1359.3,1439.43,22,FALSE,1.058949459,2026-05
SH10389,8/10/2026,8/13/2026,8/21/2026,8,Harbor Express,Truck,Montreal,Chicago,133.7,297.6,8,FALSE,2.225878833,2026-08
SH10099,6/5/2026,6/8/2026,6/11/2026,4,Summit Air Cargo,Air,Frankfurt,New York City,102.4,922.9,3,FALSE,9.012695313,2026-06
SH10799,1/23/2026,1/23/2026,2/9/2026,18,Northstar Logistics,Ocean,Singapore,Buffalo,955.9,1005.97,17,FALSE,1.052379956,2026-01
SH10661,7/28/2026,7/28/2026,8/3/2026,7,Northstar Logistics,Truck,Montreal,Atlanta,318.3,784.2,6,FALSE,2.463713478,2026-07
SH11012,1/26/2026,1/29/2026,2/6/2026,5,Northstar Logistics,Truck,Toronto,Atlanta,768.6,1496.79,8,TRUE,1.947423888,2026-01
SH10292,3/15/2026,3/17/2026,4/15/2026,30,BlueWave Shipping,Ocean,Singapore,Buffalo,5813.6,6528.44,29,FALSE,1.122959956,2026-03
SH10475,4/17/2026,4/17/2026,5/15/2026,28,Atlas Freight,Ocean,Shanghai,Buffalo,2747.6,2727.42,28,FALSE,0.992655408,2026-04
SH11077,2/19/2026,2/21/2026,2/25/2026,4,Summit Air Cargo,Air,Mexico City,Chicago,71.5,567.92,4,FALSE,7.942937063,2026-02
SH11105,5/23/2026,5/23/2026,5/26/2026,4,Northstar Logistics,Truck,Pittsburgh,Rochester,1076.9,1913.89,3,FALSE,1.777221655,2026-05
SH10618,5/31/2026,6/1/2026,6/20/2026,20,BlueWave Shipping,Ocean,Shanghai,Chicago,1016.7,1147.92,19,FALSE,1.129064621,2026-05
SH10115,7/30/2026,7/30/2026,8/20/2026,21,BlueWave Shipping,Ocean,Singapore,Chicago,2850.7,2481.95,21,FALSE,0.870645806,2026-07
SH10028,7/8/2026,7/11/2026,7/18/2026,7,Northstar Logistics,Truck,Pittsburgh,Chicago,1503.4,2896.2,7,FALSE,1.926433418,2026-07
SH11026,8/22/2026,8/22/2026,8/30/2026,8,Northstar Logistics,Truck,Toronto,New York City,739.7,1162.65,8,FALSE,1.571785859,2026-08
SH10378,8/14/2026,8/15/2026,8/21/2026,4,Atlas Freight,Truck,Toronto,Buffalo,634.8,1212.42,6,TRUE,1.909924386,2026-08
SH10381,4/10/2026,4/10/2026,4/20/2026,4,Summit Air Cargo,Air,Shanghai,Rochester,96.6,862.09,10,TRUE,8.924327122,2026-04
SH10983,4/13/2026,4/16/2026,5/12/2026,26,Northstar Logistics,Ocean,Singapore,Buffalo,1088.4,1052.56,26,FALSE,0.96707093,2026-04
SH10123,6/18/2026,6/21/2026,7/13/2026,23,Atlas Freight,Ocean,Rotterdam,Atlanta,2962.3,3442.37,22,FALSE,1.162059886,2026-06
SH11197,8/2/2026,8/5/2026,8/8/2026,4,Harbor Express,Truck,Montreal,Buffalo,1504.4,2959,3,FALSE,1.966897102,2026-08
SH10502,3/17/2026,3/19/2026,3/22/2026,3,Summit Air Cargo,Air,Shanghai,Chicago,296.7,1958.38,3,FALSE,6.600539265,2026-03
SH10139,3/6/2026,3/9/2026,4/1/2026,23,BlueWave Shipping,Ocean,Shanghai,New York City,303.1,364.53,23,FALSE,1.202672385,2026-03
SH11045,1/16/2026,1/19/2026,1/24/2026,6,Harbor Express,Truck,Pittsburgh,Buffalo,2042.4,3189.63,5,FALSE,1.561706816,2026-01
SH10805,2/20/2026,2/21/2026,2/25/2026,4,Harbor Express,Truck,Montreal,Chicago,1062.6,2206.88,4,FALSE,2.076868059,2026-02
SH10313,6/20/2026,6/21/2026,6/23/2026,2,Summit Air Cargo,Air,Frankfurt,Rochester,163.6,1138.61,2,FALSE,6.959718826,2026-06
SH10166,5/11/2026,5/13/2026,5/14/2026,2,Summit Air Cargo,Air,Shanghai,New York City,145.3,1215.79,1,FALSE,8.367446662,2026-05
SH10089,4/26/2026,4/26/2026,5/21/2026,26,Atlas Freight,Ocean,Rotterdam,New York City,3346.5,3634.13,25,FALSE,1.085949499,2026-04
SH10247,5/7/2026,5/10/2026,5/13/2026,3,Summit Air Cargo,Air,Shanghai,Dallas,50,386.46,3,FALSE,7.7292,2026-05
SH11124,8/6/2026,8/6/2026,8/8/2026,2,Summit Air Cargo,Air,Frankfurt,Buffalo,118.8,1002.43,2,FALSE,8.437962963,2026-08
SH10528,6/12/2026,6/14/2026,7/2/2026,18,BlueWave Shipping,Ocean,Rotterdam,Chicago,2319.3,2020.24,18,FALSE,0.871055922,2026-06
SH10908,5/4/2026,5/6/2026,5/29/2026,24,BlueWave Shipping,Ocean,Rotterdam,Atlanta,1484.7,1450.06,23,FALSE,0.976668687,2026-05
SH10422,4/2/2026,4/5/2026,5/2/2026,22,Atlas Freight,Ocean,Rotterdam,Rochester,3912.2,3187.68,27,TRUE,0.814804969,2026-04
SH10338,8/18/2026,8/20/2026,8/23/2026,4,Harbor Express,Truck,Toronto,New York City,836,1403.12,3,FALSE,1.678373206,2026-08
SH11128,7/26/2026,7/28/2026,8/23/2026,26,Atlas Freight,Ocean,Rotterdam,Rochester,4272.1,3603.74,26,FALSE,0.843552351,2026-07
SH10320,4/22/2026,4/24/2026,4/27/2026,4,Harbor Express,Truck,Pittsburgh,Atlanta,195,481.56,3,FALSE,2.469538462,2026-04
SH10583,6/5/2026,6/7/2026,6/14/2026,8,Harbor Express,Truck,Pittsburgh,Atlanta,1434.2,2274.3,7,FALSE,1.585762097,2026-06
SH10678,6/4/2026,6/4/2026,6/11/2026,8,Atlas Freight,Truck,Montreal,Chicago,890.3,1496.15,7,FALSE,1.680500955,2026-06
SH10906,6/24/2026,6/25/2026,7/20/2026,20,BlueWave Shipping,Ocean,Shanghai,Rochester,1470.4,1415.17,25,TRUE,0.962438792,2026-06
SH11046,5/20/2026,5/21/2026,5/29/2026,8,Harbor Express,Truck,Toronto,Rochester,965.6,1464.6,8,FALSE,1.516777133,2026-05
SH10730,2/14/2026,2/14/2026,3/17/2026,25,Northstar Logistics,Ocean,Rotterdam,Chicago,1179.8,1397.43,31,TRUE,1.184463468,2026-02
SH10571,3/26/2026,3/29/2026,4/1/2026,4,Atlas Freight,Truck,Montreal,Dallas,764.2,1414.1,3,FALSE,1.850431824,2026-03
SH11102,7/23/2026,7/26/2026,7/29/2026,4,Atlas Freight,Truck,Montreal,Buffalo,675.9,1079.06,3,FALSE,1.596478769,2026-07
SH10628,6/1/2026,6/3/2026,6/26/2026,23,Atlas Freight,Ocean,Shanghai,Dallas,1154.2,1080.01,23,FALSE,0.935721712,2026-06
SH10152,7/30/2026,8/2/2026,8/4/2026,2,Summit Air Cargo,Air,Frankfurt,Rochester,349.3,2249.49,2,FALSE,6.439994274,2026-07
SH10846,4/6/2026,4/8/2026,4/11/2026,3,Summit Air Cargo,Air,Mexico City,Buffalo,159.3,1140.52,3,FALSE,7.159573132,2026-04
SH10586,5/15/2026,5/18/2026,5/22/2026,5,Atlas Freight,Truck,Toronto,Rochester,795.3,1377.94,4,FALSE,1.732604049,2026-05
SH10853,5/12/2026,5/13/2026,5/25/2026,7,Atlas Freight,Truck,Toronto,Buffalo,1456.6,3018.69,12,TRUE,2.072422079,2026-05
SH10287,6/8/2026,6/11/2026,7/13/2026,30,Atlas Freight,Ocean,Shanghai,Atlanta,1071.8,1111.39,32,TRUE,1.036937862,2026-06
SH10323,5/25/2026,5/26/2026,6/22/2026,27,BlueWave Shipping,Ocean,Singapore,Dallas,2371.3,2451.92,27,FALSE,1.033998229,2026-05
SH10451,3/30/2026,3/30/2026,4/18/2026,19,Northstar Logistics,Ocean,Shanghai,Atlanta,2297,2336.89,19,FALSE,1.01736613,2026-03
SH10875,1/14/2026,1/15/2026,2/14/2026,30,Northstar Logistics,Ocean,Singapore,New York City,1679.8,1825.92,30,FALSE,1.086986546,2026-01
SH10920,5/14/2026,5/15/2026,5/16/2026,2,Summit Air Cargo,Air,Shanghai,Chicago,114,1054.7,1,FALSE,9.251754386,2026-05
SH10330,5/9/2026,5/11/2026,5/16/2026,5,Atlas Freight,Truck,Toronto,Rochester,426.7,829.78,5,FALSE,1.94464495,2026-05
SH10889,4/20/2026,4/20/2026,4/23/2026,3,Summit Air Cargo,Air,Frankfurt,Dallas,344.5,2700.83,3,FALSE,7.839854862,2026-04
SH10023,7/19/2026,7/22/2026,7/26/2026,4,Atlas Freight,Truck,Pittsburgh,Atlanta,487.7,1015.71,4,FALSE,2.08265327,2026-07
SH10731,2/20/2026,2/20/2026,2/21/2026,2,Summit Air Cargo,Air,Mexico City,Dallas,315.6,2467.88,1,FALSE,7.81964512,2026-02
SH11040,6/14/2026,6/17/2026,6/20/2026,3,Summit Air Cargo,Air,Shanghai,Buffalo,368.6,2606.33,3,FALSE,7.070889853,2026-06
SH10754,8/24/2026,8/27/2026,9/3/2026,8,Northstar Logistics,Truck,Toronto,Dallas,127.2,258.76,7,FALSE,2.03427673,2026-08
SH10776,6/21/2026,6/24/2026,7/21/2026,27,Northstar Logistics,Ocean,Rotterdam,Rochester,557,648.83,27,FALSE,1.16486535,2026-06
SH10574,5/4/2026,5/7/2026,6/5/2026,29,BlueWave Shipping,Ocean,Rotterdam,Chicago,3482,3992.3,29,FALSE,1.146553705,2026-05
SH10416,4/12/2026,4/13/2026,5/10/2026,28,Northstar Logistics,Ocean,Rotterdam,Rochester,501.6,593.53,27,FALSE,1.183273525,2026-04
SH10794,8/18/2026,8/19/2026,9/12/2026,25,BlueWave Shipping,Ocean,Rotterdam,Atlanta,1213.7,1397.88,24,FALSE,1.151750845,2026-08
SH10851,7/24/2026,7/26/2026,8/2/2026,8,Harbor Express,Truck,Montreal,New York City,472.3,986.32,7,FALSE,2.088333686,2026-07
SH11106,8/5/2026,8/5/2026,8/9/2026,4,Harbor Express,Truck,Toronto,New York City,2029.6,2956.89,4,FALSE,1.45688313,2026-08
SH10468,1/22/2026,1/24/2026,1/28/2026,4,Harbor Express,Truck,Toronto,Rochester,1337.4,2612.33,4,FALSE,1.953289966,2026-01
SH10003,3/11/2026,3/13/2026,4/9/2026,28,Atlas Freight,Ocean,Shanghai,New York City,1295.3,1627.52,27,FALSE,1.256481124,2026-03
SH10746,8/5/2026,8/5/2026,8/12/2026,4,Northstar Logistics,Truck,Pittsburgh,Rochester,862.7,1519.01,7,TRUE,1.760762722,2026-08
SH10737,1/9/2026,1/9/2026,1/11/2026,2,Summit Air Cargo,Air,Shanghai,Dallas,30,383.17,2,FALSE,12.77233333,2026-01
SH10911,4/5/2026,4/7/2026,4/10/2026,4,Atlas Freight,Truck,Pittsburgh,Chicago,862.2,1347.37,3,FALSE,1.562711668,2026-04
SH10951,8/11/2026,8/11/2026,8/16/2026,6,Atlas Freight,Truck,Pittsburgh,Atlanta,334.6,655.83,5,FALSE,1.960041841,2026-08
SH10852,6/3/2026,6/4/2026,6/24/2026,21,Northstar Logistics,Ocean,Singapore,Dallas,2259,2636.22,20,FALSE,1.166985392,2026-06
SH10535,1/13/2026,1/15/2026,2/4/2026,21,Atlas Freight,Ocean,Singapore,Dallas,1641.5,1395.61,20,FALSE,0.850204082,2026-01
SH10558,6/13/2026,6/14/2026,7/9/2026,25,BlueWave Shipping,Ocean,Singapore,Dallas,7872.1,7853.97,25,FALSE,0.99769693,2026-06
SH10604,8/20/2026,8/23/2026,9/12/2026,21,BlueWave Shipping,Ocean,Shanghai,Chicago,1439,1326.75,20,FALSE,0.921994441,2026-08
SH10832,7/1/2026,7/1/2026,7/9/2026,5,Harbor Express,Truck,Pittsburgh,Buffalo,882.6,1776.01,8,TRUE,2.012247904,2026-07
SH10991,6/11/2026,6/14/2026,7/3/2026,20,Atlas Freight,Ocean,Rotterdam,Rochester,4010.3,4112.51,19,FALSE,1.025486871,2026-06
SH10012,1/25/2026,1/26/2026,2/25/2026,30,BlueWave Shipping,Ocean,Shanghai,Atlanta,614,714.25,30,FALSE,1.163273616,2026-01
SH10986,8/10/2026,8/12/2026,8/16/2026,4,Northstar Logistics,Truck,Toronto,Buffalo,2011.4,3179.47,4,FALSE,1.580724868,2026-08
SH10053,4/3/2026,4/6/2026,4/10/2026,4,Harbor Express,Truck,Pittsburgh,Chicago,382.7,812.21,4,FALSE,2.122315129,2026-04
SH10466,4/9/2026,4/11/2026,4/16/2026,5,Harbor Express,Truck,Montreal,Buffalo,1129.6,1668.26,5,FALSE,1.476859065,2026-04
SH10576,3/18/2026,3/20/2026,4/13/2026,24,Atlas Freight,Ocean,Shanghai,Rochester,3364.5,2986.77,24,FALSE,0.887730718,2026-03
SH10215,8/24/2026,8/27/2026,8/29/2026,3,Summit Air Cargo,Air,Shanghai,Chicago,169.8,1211.89,2,FALSE,7.137161366,2026-08
SH11082,6/3/2026,6/4/2026,6/30/2026,27,Northstar Logistics,Ocean,Singapore,Dallas,385.1,544.06,26,FALSE,1.412775902,2026-06
SH11054,7/4/2026,7/7/2026,7/12/2026,6,Harbor Express,Truck,Pittsburgh,Buffalo,2484.4,4104.73,5,FALSE,1.652201739,2026-07
SH10599,6/3/2026,6/5/2026,6/10/2026,6,Harbor Express,Truck,Montreal,Buffalo,568.7,973.98,5,FALSE,1.71264287,2026-06
SH10232,3/24/2026,3/25/2026,3/30/2026,5,Atlas Freight,Truck,Toronto,Chicago,758.7,1344.86,5,FALSE,1.772584684,2026-03
SH10579,4/16/2026,4/16/2026,5/7/2026,21,Atlas Freight,Ocean,Rotterdam,New York City,781.2,876.61,21,FALSE,1.122132616,2026-04
SH11184,3/31/2026,4/1/2026,4/5/2026,4,Summit Air Cargo,Air,Shanghai,Rochester,229.1,1458.79,4,FALSE,6.367481449,2026-03
SH10066,5/11/2026,5/14/2026,6/10/2026,27,BlueWave Shipping,Ocean,Rotterdam,Dallas,1993.3,2254.23,27,FALSE,1.130903527,2026-05
SH10015,7/8/2026,7/8/2026,7/30/2026,23,Atlas Freight,Ocean,Shanghai,Rochester,3698.3,3087.13,22,FALSE,0.83474299,2026-07
SH11036,2/3/2026,2/4/2026,2/28/2026,25,Atlas Freight,Ocean,Singapore,Buffalo,2796.3,2597.01,24,FALSE,0.928730823,2026-02
SH11074,8/3/2026,8/5/2026,8/11/2026,7,Atlas Freight,Truck,Montreal,Atlanta,175.2,460.22,6,FALSE,2.626826484,2026-08
SH10352,7/15/2026,7/17/2026,8/3/2026,18,Northstar Logistics,Ocean,Singapore,Rochester,324.6,429.4,17,FALSE,1.322858903,2026-07
SH10755,4/4/2026,4/4/2026,4/27/2026,21,Atlas Freight,Ocean,Shanghai,New York City,2808.7,3107.46,23,TRUE,1.106369495,2026-04
SH10049,1/13/2026,1/13/2026,1/21/2026,8,Harbor Express,Truck,Toronto,Buffalo,1193.3,2320.77,8,FALSE,1.944833655,2026-01
SH11028,2/1/2026,2/4/2026,2/11/2026,8,Harbor Express,Truck,Toronto,Rochester,931.4,1686.82,7,FALSE,1.811058621,2026-02
SH11115,8/12/2026,8/13/2026,8/14/2026,2,Summit Air Cargo,Air,Frankfurt,Chicago,58.8,578.56,1,FALSE,9.839455782,2026-08
SH10183,2/27/2026,3/2/2026,3/22/2026,20,Atlas Freight,Ocean,Shanghai,Dallas,1336.9,1241.79,20,FALSE,0.928857805,2026-02
SH10199,6/29/2026,7/1/2026,7/27/2026,20,Northstar Logistics,Ocean,Rotterdam,Buffalo,466.5,574.6,26,TRUE,1.231725616,2026-06
SH10348,3/16/2026,3/16/2026,3/18/2026,2,Summit Air Cargo,Air,Mexico City,Rochester,95.9,925.02,2,FALSE,9.645672576,2026-03
SH10747,1/16/2026,1/18/2026,1/25/2026,7,Harbor Express,Truck,Toronto,Dallas,1044,1937.94,7,FALSE,1.856264368,2026-01
SH10019,6/24/2026,6/27/2026,7/3/2026,7,Harbor Express,Truck,Montreal,New York City,1313.8,2035.95,6,FALSE,1.549665094,2026-06
SH10566,7/8/2026,7/11/2026,8/3/2026,24,Atlas Freight,Ocean,Rotterdam,Rochester,3540.8,3739.99,23,FALSE,1.056255648,2026-07
SH10529,6/6/2026,6/9/2026,6/28/2026,20,BlueWave Shipping,Ocean,Shanghai,New York City,1322.1,1206.84,19,FALSE,0.912820513,2026-06
SH10097,8/14/2026,8/14/2026,9/6/2026,24,Northstar Logistics,Ocean,Rotterdam,Buffalo,923.8,906.49,23,FALSE,0.981262178,2026-08
SH10206,5/18/2026,5/18/2026,5/26/2026,8,Atlas Freight,Truck,Toronto,Atlanta,1046.9,1976.25,8,FALSE,1.887716114,2026-05
SH10334,6/12/2026,6/12/2026,7/1/2026,19,Northstar Logistics,Ocean,Singapore,Dallas,1326.9,1478.38,19,FALSE,1.114160826,2026-06
SH10181,2/1/2026,2/4/2026,,8,Harbor Express,Truck,Montreal,Dallas,1201.3,1980.83,,FALSE,1.648905353,2026-02
SH10177,3/26/2026,3/27/2026,4/2/2026,6,Atlas Freight,Truck,Montreal,Atlanta,63.2,189.57,6,FALSE,2.999525316,2026-03
SH10285,5/28/2026,5/31/2026,6/7/2026,8,Northstar Logistics,Truck,Pittsburgh,Chicago,819.8,1781.91,7,FALSE,2.17359112,2026-05
SH10662,6/16/2026,6/17/2026,6/19/2026,2,Summit Air Cargo,Air,Frankfurt,Chicago,12.2,215.15,2,FALSE,17.6352459,2026-06
SH10719,8/2/2026,8/4/2026,8/25/2026,22,BlueWave Shipping,Ocean,Shanghai,Atlanta,4408.4,5014.97,21,FALSE,1.137594138,2026-08
SH11057,5/27/2026,5/28/2026,6/22/2026,23,BlueWave Shipping,Ocean,Singapore,Rochester,10081.2,10450.44,25,TRUE,1.036626592,2026-05
SH10519,5/2/2026,5/4/2026,5/6/2026,3,Summit Air Cargo,Air,Shanghai,Rochester,18.8,217.4,2,FALSE,11.56382979,2026-05
SH10736,5/4/2026,5/7/2026,5/26/2026,19,BlueWave Shipping,Ocean,Singapore,Atlanta,4338.8,4278.83,19,FALSE,0.986178206,2026-05
SH10530,3/31/2026,4/1/2026,4/12/2026,5,Atlas Freight,Truck,Montreal,Buffalo,1360.2,2233.3,11,TRUE,1.641890898,2026-03
SH10207,5/16/2026,5/18/2026,5/25/2026,7,Harbor Express,Truck,Montreal,Atlanta,256.2,478.51,7,FALSE,1.867720531,2026-05
SH10064,3/17/2026,3/17/2026,4/4/2026,19,Northstar Logistics,Ocean,Rotterdam,Atlanta,1036.8,973.87,18,FALSE,0.939303627,2026-03
SH10031,8/9/2026,8/9/2026,9/4/2026,22,BlueWave Shipping,Ocean,Shanghai,Atlanta,2596.6,2325.59,26,TRUE,0.895628899,2026-08
SH11001,4/8/2026,4/10/2026,4/21/2026,8,Harbor Express,Truck,Toronto,Dallas,1335.7,2361.46,11,TRUE,1.767956877,2026-04
SH10756,3/6/2026,3/7/2026,3/12/2026,6,Harbor Express,Truck,Montreal,Atlanta,662.5,1348.83,5,FALSE,2.035969811,2026-03
SH11191,4/13/2026,4/14/2026,5/11/2026,28,Atlas Freight,Ocean,Shanghai,Chicago,492.7,580.45,27,FALSE,1.178100264,2026-04
SH11182,4/20/2026,4/21/2026,5/18/2026,28,BlueWave Shipping,Ocean,Rotterdam,Rochester,806.4,953.2,27,FALSE,1.182043651,2026-04
SH10090,8/26/2026,8/29/2026,9/26/2026,28,Atlas Freight,Ocean,Rotterdam,Atlanta,1513.3,1545.77,28,FALSE,1.02145642,2026-08
